ok - fm-control relaunch: a same-harness relaunch replaces the agent in the same endpoint and worktree
ok - fm-control relaunch: pending composer text refuses before the exit command is typed
ok - fm-control relaunch: an unreadable composer fails safe before the exit command is typed
ok - fm-control relaunch: a linked spawning home preserves committed and unfinished work in the recorded copy
ok - fm-control relaunch: durable task metadata survives replacement launch publication
ok - fm-control relaunch: delivery and concurrent task metadata publication serialize
ok - fm-control relaunch: disabling tracing clears metadata and pane context
ok - fm-control relaunch: progress and the Firstmate-worktree worker identity reach the replacement
ok - fm-control relaunch: a ship task refuses without the progress note its replacement needs
ok - fm-control relaunch: switching harness is one ordinary relaunch, and the old wiring goes with the old agent
ok - fm-control relaunch: a harness switch resets model and effort unless they are named too
ok - fm-control relaunch: a prefixed recorded harness can switch adapters transactionally
ok - fm-control relaunch: a prefixed command requires an explicit replacement harness
ok - fm-control relaunch: a same-harness relaunch keeps the profile axes it was running with
ok - native Ultra relaunch preserves its profile and rejects an unsupported model before stopping
ok - fm-control relaunch: a signed-out worker account pin refuses before the old agent stops
ok - fm-control relaunch: the replacement follows the home's current worker account pin
ok - fm-control relaunch: explicit model and effort win over the recorded ones
ok - fm-control relaunch: refuses to relaunch onto an adapter with no verified mechanics
ok - fm-control relaunch: the retired incarnation's global turn-end token is revoked
ok - fm-control relaunch: wiring cleanup failure refuses replacement arming
ok - fm-control-lib: one owner resolves each harness's turn-end registry entry, and refuses a malformed token
ok - fm-control relaunch: a secondmate relaunch re-resolves its durable configured harness pin
ok - fm-control relaunch: invalid configured effort is ignored before stop
ok - fm-control relaunch: an adapter unverified for this task kind refuses before the agent is stopped
ok - fm-control relaunch: explicit secondmate harness resets unnamed profile axes
ok - fm-control relaunch: a ship task keeps its recorded harness instead of re-reading crew config
ok - fm-spawn --relaunch: with no explicit harness it reuses the task's recorded one, never the crew default
ok - fm-spawn --relaunch: a promoted scout with a recorded custom branch relaunches on it instead of being refused
ok - fm-promote/fm-spawn --relaunch: the current ship contract supersedes stale scout delivery text
ok - fm-spawn --relaunch: wiring armed under a prefixed harness name is still retired
ok - fm-spawn --relaunch: switching away from muse retires its session binding
ok - fm-spawn --relaunch: switching away from cursor retires its session binding
ok - fm-control relaunch: an unaccountable local copy refuses before the agent is touched
ok - fm-control relaunch: a worker with nothing to work from is never launched
ok - fm-control relaunch: a refusal before the agent is stopped leaves the durable record untouched
ok - fm-control relaunch: checkpoint inspection failures refuse before stopping
ok - fm-control relaunch: a launch failure after the stop keeps the prior record and reports the real state
ok - fm-control relaunch: unpublished rollback keeps concurrent durable metadata
ok - fm-control relaunch: post-publication failure keeps the new durable record
ok - fm-control relaunch: partial stop reconciles actual agent state
ok - fm-control relaunch: failed journal replacement preserves durable phase
ok - fm-spawn relaunch: prepublication abort removes replacement state
ok - fm-control relaunch: the checkpoint records the exact unlanded work it preserved
ok - fm-control relaunch: a secondmate's child work is accounted for and its charter is left alone
ok - fm-control relaunch: a secondmate home that is not this secondmate's is refused
ok - fm-control relaunch: unreadable child records fail checkpoint
ok - fm-control relaunch: unlistable state fails checkpoint
ok - fm-control relaunch: a vanished watcher scratch file does not fail the child-record checkpoint
ok - fm-control relaunch: two control actions on one task serialize instead of interleaving
ok - fm-spawn relaunch: direct entry participates in lifecycle serialization
ok - fm-promote: promotion participates in lifecycle serialization
ok - fm-spawn --relaunch: refuses to launch a second agent into a live endpoint
ok - fm-spawn --relaunch: symlinked records refuse before inspection
ok - fm-spawn --relaunch: keeps its early meta lock continuous
ok - fm-spawn --relaunch: pending closes refuse before replacement begins
ok - fm-spawn --relaunch: every identity axis comes from the record, and a contradicting flag refuses
ok - fm-spawn --relaunch: an unrecorded task is refused
ok - fm-spawn --relaunch: refuses to start a replacement outside the copy holding its work
ok - tmux: a window absent from its session refuses both verbs rather than being assumed gone
ok - tmux: an unfindable session refuses both verbs, so a live agent is never duplicated
ok - tmux: a dead server on this socket refuses both verbs rather than proving absence
ok - reclaim: an unclassifiable endpoint is still refused, so two agents cannot share one
sed: 1: "/private/var/folders/41 ...": invalid command code v
sed: 1: "/private/var/folders/41 ...": invalid command code v
ok - fm-spawn --relaunch: resumes the bound Pi session only for a Pi registration
ok - reclaim: a herdr pane that outlived its stopped server is adopted, never orphaned beside a new tab
ok - fm-control exit: a herdr pane that outlived its stopped server is already-stopped, not gone
ok - reclaim: a herdr rebind is created in the session the record names, never the ambient one
ok - reclaim: a herdr rebind refuses to publish a record whose terminal identity names another pane
ok - reclaim: a herdr agent that came back with its server refuses, so one worktree keeps one agent
ok - reclaim: a herdr reclaim rebinds the endpoint and leaves the whole rest of the task alone
ok - reclaim: a herdr secondmate whose endpoint is gone is sent to its own respawn owner
ok - reclaim: a rebind refused from a plain shell reports the real cause, not a fabricated session mismatch
ok - relaunch re-reads the backlog item instead of blindly re-running the transition
ok - relaunch heals an item that drifted out of In flight while the task stayed live
rm: /private/var/folders/41/64hrmnwx11q5lw3l9d7zmfgr0000gn/T/fm-control-relaunch.Quj5CQ/prepublishcleanup-23037/home/state/rl28.git-hooks/pre-rebase: Permission denied
rm: /private/var/folders/41/64hrmnwx11q5lw3l9d7zmfgr0000gn/T/fm-control-relaunch.Quj5CQ/prepublishcleanup-23037/home/state/rl28.git-hooks/pre-applypatch: Permission denied
rm: /private/var/folders/41/64hrmnwx11q5lw3l9d7zmfgr0000gn/T/fm-control-relaunch.Quj5CQ/prepublishcleanup-23037/home/state/rl28.git-hooks/pre-auto-gc: Permission denied
rm: /private/var/folders/41/64hrmnwx11q5lw3l9d7zmfgr0000gn/T/fm-control-relaunch.Quj5CQ/prepublishcleanup-23037/home/state/rl28.git-hooks/pre-merge-commit: Permission denied
rm: /private/var/folders/41/64hrmnwx11q5lw3l9d7zmfgr0000gn/T/fm-control-relaunch.Quj5CQ/prepublishcleanup-23037/home/state/rl28.git-hooks/post-commit: Permission denied
rm: /private/var/folders/41/64hrmnwx11q5lw3l9d7zmfgr0000gn/T/fm-control-relaunch.Quj5CQ/prepublishcleanup-23037/home/state/rl28.git-hooks/sendemail-validate: Permission denied
rm: /private/var/folders/41/64hrmnwx11q5lw3l9d7zmfgr0000gn/T/fm-control-relaunch.Quj5CQ/prepublishcleanup-23037/home/state/rl28.git-hooks/applypatch-msg: Permission denied
rm: /private/var/folders/41/64hrmnwx11q5lw3l9d7zmfgr0000gn/T/fm-control-relaunch.Quj5CQ/prepublishcleanup-23037/home/state/rl28.git-hooks/prepare-commit-msg: Permission denied
rm: /private/var/folders/41/64hrmnwx11q5lw3l9d7zmfgr0000gn/T/fm-control-relaunch.Quj5CQ/prepublishcleanup-23037/home/state/rl28.git-hooks/post-checkout: Permission denied
rm: /private/var/folders/41/64hrmnwx11q5lw3l9d7zmfgr0000gn/T/fm-control-relaunch.Quj5CQ/prepublishcleanup-23037/home/state/rl28.git-hooks/post-applypatch: Permission denied
rm: /private/var/folders/41/64hrmnwx11q5lw3l9d7zmfgr0000gn/T/fm-control-relaunch.Quj5CQ/prepublishcleanup-23037/home/state/rl28.git-hooks/post-rewrite: Permission denied
rm: /private/var/folders/41/64hrmnwx11q5lw3l9d7zmfgr0000gn/T/fm-control-relaunch.Quj5CQ/prepublishcleanup-23037/home/state/rl28.git-hooks/commit-msg: Permission denied
rm: /private/var/folders/41/64hrmnwx11q5lw3l9d7zmfgr0000gn/T/fm-control-relaunch.Quj5CQ/prepublishcleanup-23037/home/state/rl28.git-hooks/pre-push: Permission denied
rm: /private/var/folders/41/64hrmnwx11q5lw3l9d7zmfgr0000gn/T/fm-control-relaunch.Quj5CQ/prepublishcleanup-23037/home/state/rl28.git-hooks/post-merge: Permission denied
rm: /private/var/folders/41/64hrmnwx11q5lw3l9d7zmfgr0000gn/T/fm-control-relaunch.Quj5CQ/prepublishcleanup-23037/home/state/rl28.git-hooks/pre-commit: Permission denied
rm: /private/var/folders/41/64hrmnwx11q5lw3l9d7zmfgr0000gn/T/fm-control-relaunch.Quj5CQ/prepublishcleanup-23037/home/state/rl28.git-hooks: Directory not empty
rm: /private/var/folders/41/64hrmnwx11q5lw3l9d7zmfgr0000gn/T/fm-control-relaunch.Quj5CQ/prepublishcleanup-23037/home/state: Directory not empty
rm: /private/var/folders/41/64hrmnwx11q5lw3l9d7zmfgr0000gn/T/fm-control-relaunch.Quj5CQ/prepublishcleanup-23037/home: Directory not empty
rm: /private/var/folders/41/64hrmnwx11q5lw3l9d7zmfgr0000gn/T/fm-control-relaunch.Quj5CQ/prepublishcleanup-23037: Directory not empty
rm: /private/var/folders/41/64hrmnwx11q5lw3l9d7zmfgr0000gn/T/fm-control-relaunch.Quj5CQ/invalid-effort-31756/home/state/sm6.git-hooks/pre-rebase: Permission denied
rm: /private/var/folders/41/64hrmnwx11q5lw3l9d7zmfgr0000gn/T/fm-control-relaunch.Quj5CQ/invalid-effort-31756/home/state/sm6.git-hooks/pre-applypatch: Permission denied
rm: /private/var/folders/41/64hrmnwx11q5lw3l9d7zmfgr0000gn/T/fm-control-relaunch.Quj5CQ/invalid-effort-31756/home/state/sm6.git-hooks/pre-auto-gc: Permission denied
rm: /private/var/folders/41/64hrmnwx11q5lw3l9d7zmfgr0000gn/T/fm-control-relaunch.Quj5CQ/invalid-effort-31756/home/state/sm6.git-hooks/pre-merge-commit: Permission denied
rm: /private/var/folders/41/64hrmnwx11q5lw3l9d7zmfgr0000gn/T/fm-control-relaunch.Quj5CQ/invalid-effort-31756/home/state/sm6.git-hooks/post-commit: Permission denied
rm: /private/var/folders/41/64hrmnwx11q5lw3l9d7zmfgr0000gn/T/fm-control-relaunch.Quj5CQ/invalid-effort-31756/home/state/sm6.git-hooks/sendemail-validate: Permission denied
rm: /private/var/folders/41/64hrmnwx11q5lw3l9d7zmfgr0000gn/T/fm-control-relaunch.Quj5CQ/invalid-effort-31756/home/state/sm6.git-hooks/applypatch-msg: Permission denied
rm: /private/var/folders/41/64hrmnwx11q5lw3l9d7zmfgr0000gn/T/fm-control-relaunch.Quj5CQ/invalid-effort-31756/home/state/sm6.git-hooks/prepare-commit-msg: Permission denied
rm: /private/var/folders/41/64hrmnwx11q5lw3l9d7zmfgr0000gn/T/fm-control-relaunch.Quj5CQ/invalid-effort-31756/home/state/sm6.git-hooks/post-checkout: Permission denied
rm: /private/var/folders/41/64hrmnwx11q5lw3l9d7zmfgr0000gn/T/fm-control-relaunch.Quj5CQ/invalid-effort-31756/home/state/sm6.git-hooks/post-applypatch: Permission denied
rm: /private/var/folders/41/64hrmnwx11q5lw3l9d7zmfgr0000gn/T/fm-control-relaunch.Quj5CQ/invalid-effort-31756/home/state/sm6.git-hooks/post-rewrite: Permission denied
rm: /private/var/folders/41/64hrmnwx11q5lw3l9d7zmfgr0000gn/T/fm-control-relaunch.Quj5CQ/invalid-effort-31756/home/state/sm6.git-hooks/commit-msg: Permission denied
rm: /private/var/folders/41/64hrmnwx11q5lw3l9d7zmfgr0000gn/T/fm-control-relaunch.Quj5CQ/invalid-effort-31756/home/state/sm6.git-hooks/pre-push: Permission denied
rm: /private/var/folders/41/64hrmnwx11q5lw3l9d7zmfgr0000gn/T/fm-control-relaunch.Quj5CQ/invalid-effort-31756/home/state/sm6.git-hooks/post-merge: Permission denied
rm: /private/var/folders/41/64hrmnwx11q5lw3l9d7zmfgr0000gn/T/fm-control-relaunch.Quj5CQ/invalid-effort-31756/home/state/sm6.git-hooks/pre-commit: Permission denied
rm: /private/var/folders/41/64hrmnwx11q5lw3l9d7zmfgr0000gn/T/fm-control-relaunch.Quj5CQ/invalid-effort-31756/home/state/sm6.git-hooks: Directory not empty
rm: /private/var/folders/41/64hrmnwx11q5lw3l9d7zmfgr0000gn/T/fm-control-relaunch.Quj5CQ/invalid-effort-31756/home/state: Directory not empty
rm: /private/var/folders/41/64hrmnwx11q5lw3l9d7zmfgr0000gn/T/fm-control-relaunch.Quj5CQ/invalid-effort-31756/home: Directory not empty
rm: /private/var/folders/41/64hrmnwx11q5lw3l9d7zmfgr0000gn/T/fm-control-relaunch.Quj5CQ/invalid-effort-31756: Directory not empty
rm: /private/var/folders/41/64hrmnwx11q5lw3l9d7zmfgr0000gn/T/fm-control-relaunch.Quj5CQ/linked-home-28481/home/state/rl42.git-hooks/pre-rebase: Permission denied
rm: /private/var/folders/41/64hrmnwx11q5lw3l9d7zmfgr0000gn/T/fm-control-relaunch.Quj5CQ/linked-home-28481/home/state/rl42.git-hooks/pre-applypatch: Permission denied
rm: /private/var/folders/41/64hrmnwx11q5lw3l9d7zmfgr0000gn/T/fm-control-relaunch.Quj5CQ/linked-home-28481/home/state/rl42.git-hooks/pre-auto-gc: Permission denied
rm: /private/var/folders/41/64hrmnwx11q5lw3l9d7zmfgr0000gn/T/fm-control-relaunch.Quj5CQ/linked-home-28481/home/state/rl42.git-hooks/pre-merge-commit: Permission denied
rm: /private/var/folders/41/64hrmnwx11q5lw3l9d7zmfgr0000gn/T/fm-control-relaunch.Quj5CQ/linked-home-28481/home/state/rl42.git-hooks/post-commit: Permission denied
rm: /private/var/folders/41/64hrmnwx11q5lw3l9d7zmfgr0000gn/T/fm-control-relaunch.Quj5CQ/linked-home-28481/home/state/rl42.git-hooks/sendemail-validate: Permission denied
rm: /private/var/folders/41/64hrmnwx11q5lw3l9d7zmfgr0000gn/T/fm-control-relaunch.Quj5CQ/linked-home-28481/home/state/rl42.git-hooks/applypatch-msg: Permission denied
rm: /private/var/folders/41/64hrmnwx11q5lw3l9d7zmfgr0000gn/T/fm-control-relaunch.Quj5CQ/linked-home-28481/home/state/rl42.git-hooks/prepare-commit-msg: Permission denied
rm: /private/var/folders/41/64hrmnwx11q5lw3l9d7zmfgr0000gn/T/fm-control-relaunch.Quj5CQ/linked-home-28481/home/state/rl42.git-hooks/post-checkout: Permission denied
rm: /private/var/folders/41/64hrmnwx11q5lw3l9d7zmfgr0000gn/T/fm-control-relaunch.Quj5CQ/linked-home-28481/home/state/rl42.git-hooks/post-applypatch: Permission denied
rm: /private/var/folders/41/64hrmnwx11q5lw3l9d7zmfgr0000gn/T/fm-control-relaunch.Quj5CQ/linked-home-28481/home/state/rl42.git-hooks/post-rewrite: Permission denied
rm: /private/var/folders/41/64hrmnwx11q5lw3l9d7zmfgr0000gn/T/fm-control-relaunch.Quj5CQ/linked-home-28481/home/state/rl42.git-hooks/commit-msg: Permission denied
rm: /private/var/folders/41/64hrmnwx11q5lw3l9d7zmfgr0000gn/T/fm-control-relaunch.Quj5CQ/linked-home-28481/home/state/rl42.git-hooks/pre-push: Permission denied
rm: /private/var/folders/41/64hrmnwx11q5lw3l9d7zmfgr0000gn/T/fm-control-relaunch.Quj5CQ/linked-home-28481/home/state/rl42.git-hooks/post-merge: Permission denied
rm: /private/var/folders/41/64hrmnwx11q5lw3l9d7zmfgr0000gn/T/fm-control-relaunch.Quj5CQ/linked-home-28481/home/state/rl42.git-hooks/pre-commit: Permission denied
rm: /private/var/folders/41/64hrmnwx11q5lw3l9d7zmfgr0000gn/T/fm-control-relaunch.Quj5CQ/linked-home-28481/home/state/rl42.git-hooks: Directory not empty
rm: /private/var/folders/41/64hrmnwx11q5lw3l9d7zmfgr0000gn/T/fm-control-relaunch.Quj5CQ/linked-home-28481/home/state: Directory not empty
rm: /private/var/folders/41/64hrmnwx11q5lw3l9d7zmfgr0000gn/T/fm-control-relaunch.Quj5CQ/linked-home-28481/home: Directory not empty
rm: /private/var/folders/41/64hrmnwx11q5lw3l9d7zmfgr0000gn/T/fm-control-relaunch.Quj5CQ/linked-home-28481: Directory not empty
rm: /private/var/folders/41/64hrmnwx11q5lw3l9d7zmfgr0000gn/T/fm-control-relaunch.Quj5CQ/completejournal-2415/home/state/rl27.git-hooks/pre-rebase: Permission denied
rm: /private/var/folders/41/64hrmnwx11q5lw3l9d7zmfgr0000gn/T/fm-control-relaunch.Quj5CQ/completejournal-2415/home/state/rl27.git-hooks/pre-applypatch: Permission denied
rm: /private/var/folders/41/64hrmnwx11q5lw3l9d7zmfgr0000gn/T/fm-control-relaunch.Quj5CQ/completejournal-2415/home/state/rl27.git-hooks/pre-auto-gc: Permission denied
rm: /private/var/folders/41/64hrmnwx11q5lw3l9d7zmfgr0000gn/T/fm-control-relaunch.Quj5CQ/completejournal-2415/home/state/rl27.git-hooks/pre-merge-commit: Permission denied
rm: /private/var/folders/41/64hrmnwx11q5lw3l9d7zmfgr0000gn/T/fm-control-relaunch.Quj5CQ/completejournal-2415/home/state/rl27.git-hooks/post-commit: Permission denied
rm: /private/var/folders/41/64hrmnwx11q5lw3l9d7zmfgr0000gn/T/fm-control-relaunch.Quj5CQ/completejournal-2415/home/state/rl27.git-hooks/sendemail-validate: Permission denied
rm: /private/var/folders/41/64hrmnwx11q5lw3l9d7zmfgr0000gn/T/fm-control-relaunch.Quj5CQ/completejournal-2415/home/state/rl27.git-hooks/applypatch-msg: Permission denied
rm: /private/var/folders/41/64hrmnwx11q5lw3l9d7zmfgr0000gn/T/fm-control-relaunch.Quj5CQ/completejournal-2415/home/state/rl27.git-hooks/prepare-commit-msg: Permission denied
rm: /private/var/folders/41/64hrmnwx11q5lw3l9d7zmfgr0000gn/T/fm-control-relaunch.Quj5CQ/completejournal-2415/home/state/rl27.git-hooks/post-checkout: Permission denied
rm: /private/var/folders/41/64hrmnwx11q5lw3l9d7zmfgr0000gn/T/fm-control-relaunch.Quj5CQ/completejournal-2415/home/state/rl27.git-hooks/post-applypatch: Permission denied
rm: /private/var/folders/41/64hrmnwx11q5lw3l9d7zmfgr0000gn/T/fm-control-relaunch.Quj5CQ/completejournal-2415/home/state/rl27.git-hooks/post-rewrite: Permission denied
rm: /private/var/folders/41/64hrmnwx11q5lw3l9d7zmfgr0000gn/T/fm-control-relaunch.Quj5CQ/completejournal-2415/home/state/rl27.git-hooks/commit-msg: Permission denied
rm: /private/var/folders/41/64hrmnwx11q5lw3l9d7zmfgr0000gn/T/fm-control-relaunch.Quj5CQ/completejournal-2415/home/state/rl27.git-hooks/pre-push: Permission denied
rm: /private/var/folders/41/64hrmnwx11q5lw3l9d7zmfgr0000gn/T/fm-control-relaunch.Quj5CQ/completejournal-2415/home/state/rl27.git-hooks/post-merge: Permission denied
rm: /private/var/folders/41/64hrmnwx11q5lw3l9d7zmfgr0000gn/T/fm-control-relaunch.Quj5CQ/completejournal-2415/home/state/rl27.git-hooks/pre-commit: Permission denied
rm: /private/var/folders/41/64hrmnwx11q5lw3l9d7zmfgr0000gn/T/fm-control-relaunch.Quj5CQ/completejournal-2415/home/state/rl27.git-hooks: Directory not empty
rm: /private/var/folders/41/64hrmnwx11q5lw3l9d7zmfgr0000gn/T/fm-control-relaunch.Quj5CQ/completejournal-2415/home/state: Directory not empty
rm: /private/var/folders/41/64hrmnwx11q5lw3l9d7zmfgr0000gn/T/fm-control-relaunch.Quj5CQ/completejournal-2415/home: Directory not empty
rm: /private/var/folders/41/64hrmnwx11q5lw3l9d7zmfgr0000gn/T/fm-control-relaunch.Quj5CQ/completejournal-2415: Directory not empty
rm: /private/var/folders/41/64hrmnwx11q5lw3l9d7zmfgr0000gn/T/fm-control-relaunch.Quj5CQ/musewiring-18501/home/state/rl31.git-hooks/pre-rebase: Permission denied
rm: /private/var/folders/41/64hrmnwx11q5lw3l9d7zmfgr0000gn/T/fm-control-relaunch.Quj5CQ/musewiring-18501/home/state/rl31.git-hooks/pre-applypatch: Permission denied
rm: /private/var/folders/41/64hrmnwx11q5lw3l9d7zmfgr0000gn/T/fm-control-relaunch.Quj5CQ/musewiring-18501/home/state/rl31.git-hooks/pre-auto-gc: Permission denied
rm: /private/var/folders/41/64hrmnwx11q5lw3l9d7zmfgr0000gn/T/fm-control-relaunch.Quj5CQ/musewiring-18501/home/state/rl31.git-hooks/pre-merge-commit: Permission denied
rm: /private/var/folders/41/64hrmnwx11q5lw3l9d7zmfgr0000gn/T/fm-control-relaunch.Quj5CQ/musewiring-18501/home/state/rl31.git-hooks/post-commit: Permission denied
rm: /private/var/folders/41/64hrmnwx11q5lw3l9d7zmfgr0000gn/T/fm-control-relaunch.Quj5CQ/musewiring-18501/home/state/rl31.git-hooks/sendemail-validate: Permission denied
rm: /private/var/folders/41/64hrmnwx11q5lw3l9d7zmfgr0000gn/T/fm-control-relaunch.Quj5CQ/musewiring-18501/home/state/rl31.git-hooks/applypatch-msg: Permission denied
rm: /private/var/folders/41/64hrmnwx11q5lw3l9d7zmfgr0000gn/T/fm-control-relaunch.Quj5CQ/musewiring-18501/home/state/rl31.git-hooks/prepare-commit-msg: Permission denied
rm: /private/var/folders/41/64hrmnwx11q5lw3l9d7zmfgr0000gn/T/fm-control-relaunch.Quj5CQ/musewiring-18501/home/state/rl31.git-hooks/post-checkout: Permission denied
rm: /private/var/folders/41/64hrmnwx11q5lw3l9d7zmfgr0000gn/T/fm-control-relaunch.Quj5CQ/musewiring-18501/home/state/rl31.git-hooks/post-applypatch: Permission denied
rm: /private/var/folders/41/64hrmnwx11q5lw3l9d7zmfgr0000gn/T/fm-control-relaunch.Quj5CQ/musewiring-18501/home/state/rl31.git-hooks/post-rewrite: Permission denied
rm: /private/var/folders/41/64hrmnwx11q5lw3l9d7zmfgr0000gn/T/fm-control-relaunch.Quj5CQ/musewiring-18501/home/state/rl31.git-hooks/commit-msg: Permission denied
rm: /private/var/folders/41/64hrmnwx11q5lw3l9d7zmfgr0000gn/T/fm-control-relaunch.Quj5CQ/musewiring-18501/home/state/rl31.git-hooks/pre-push: Permission denied
rm: /private/var/folders/41/64hrmnwx11q5lw3l9d7zmfgr0000gn/T/fm-control-relaunch.Quj5CQ/musewiring-18501/home/state/rl31.git-hooks/post-merge: Permission denied
rm: /private/var/folders/41/64hrmnwx11q5lw3l9d7zmfgr0000gn/T/fm-control-relaunch.Quj5CQ/musewiring-18501/home/state/rl31.git-hooks/pre-commit: Permission denied
rm: /private/var/folders/41/64hrmnwx11q5lw3l9d7zmfgr0000gn/T/fm-control-relaunch.Quj5CQ/musewiring-18501/home/state/rl31.git-hooks: Directory not empty
rm: /private/var/folders/41/64hrmnwx11q5lw3l9d7zmfgr0000gn/T/fm-control-relaunch.Quj5CQ/musewiring-18501/home/state: Directory not empty
rm: /private/var/folders/41/64hrmnwx11q5lw3l9d7zmfgr0000gn/T/fm-control-relaunch.Quj5CQ/musewiring-18501/home: Directory not empty
rm: /private/var/folders/41/64hrmnwx11q5lw3l9d7zmfgr0000gn/T/fm-control-relaunch.Quj5CQ/musewiring-18501: Directory not empty
rm: /private/var/folders/41/64hrmnwx11q5lw3l9d7zmfgr0000gn/T/fm-control-relaunch.Quj5CQ/resume-pi-15118/home/state/resume-pi.git-hooks/pre-rebase: Permission denied
rm: /private/var/folders/41/64hrmnwx11q5lw3l9d7zmfgr0000gn/T/fm-control-relaunch.Quj5CQ/resume-pi-15118/home/state/resume-pi.git-hooks/pre-applypatch: Permission denied
rm: /private/var/folders/41/64hrmnwx11q5lw3l9d7zmfgr0000gn/T/fm-control-relaunch.Quj5CQ/resume-pi-15118/home/state/resume-pi.git-hooks/pre-auto-gc: Permission denied
rm: /private/var/folders/41/64hrmnwx11q5lw3l9d7zmfgr0000gn/T/fm-control-relaunch.Quj5CQ/resume-pi-15118/home/state/resume-pi.git-hooks/pre-merge-commit: Permission denied
rm: /private/var/folders/41/64hrmnwx11q5lw3l9d7zmfgr0000gn/T/fm-control-relaunch.Quj5CQ/resume-pi-15118/home/state/resume-pi.git-hooks/post-commit: Permission denied
rm: /private/var/folders/41/64hrmnwx11q5lw3l9d7zmfgr0000gn/T/fm-control-relaunch.Quj5CQ/resume-pi-15118/home/state/resume-pi.git-hooks/sendemail-validate: Permission denied
rm: /private/var/folders/41/64hrmnwx11q5lw3l9d7zmfgr0000gn/T/fm-control-relaunch.Quj5CQ/resume-pi-15118/home/state/resume-pi.git-hooks/applypatch-msg: Permission denied
rm: /private/var/folders/41/64hrmnwx11q5lw3l9d7zmfgr0000gn/T/fm-control-relaunch.Quj5CQ/resume-pi-15118/home/state/resume-pi.git-hooks/prepare-commit-msg: Permission denied
rm: /private/var/folders/41/64hrmnwx11q5lw3l9d7zmfgr0000gn/T/fm-control-relaunch.Quj5CQ/resume-pi-15118/home/state/resume-pi.git-hooks/post-checkout: Permission denied
rm: /private/var/folders/41/64hrmnwx11q5lw3l9d7zmfgr0000gn/T/fm-control-relaunch.Quj5CQ/resume-pi-15118/home/state/resume-pi.git-hooks/post-applypatch: Permission denied
rm: /private/var/folders/41/64hrmnwx11q5lw3l9d7zmfgr0000gn/T/fm-control-relaunch.Quj5CQ/resume-pi-15118/home/state/resume-pi.git-hooks/post-rewrite: Permission denied
rm: /private/var/folders/41/64hrmnwx11q5lw3l9d7zmfgr0000gn/T/fm-control-relaunch.Quj5CQ/resume-pi-15118/home/state/resume-pi.git-hooks/commit-msg: Permission denied
rm: /private/var/folders/41/64hrmnwx11q5lw3l9d7zmfgr0000gn/T/fm-control-relaunch.Quj5CQ/resume-pi-15118/home/state/resume-pi.git-hooks/pre-push: Permission denied
rm: /private/var/folders/41/64hrmnwx11q5lw3l9d7zmfgr0000gn/T/fm-control-relaunch.Quj5CQ/resume-pi-15118/home/state/resume-pi.git-hooks/post-merge: Permission denied
rm: /private/var/folders/41/64hrmnwx11q5lw3l9d7zmfgr0000gn/T/fm-control-relaunch.Quj5CQ/resume-pi-15118/home/state/resume-pi.git-hooks/pre-commit: Permission denied
rm: /private/var/folders/41/64hrmnwx11q5lw3l9d7zmfgr0000gn/T/fm-control-relaunch.Quj5CQ/resume-pi-15118/home/state/resume-pi.git-hooks: Directory not empty
rm: /private/var/folders/41/64hrmnwx11q5lw3l9d7zmfgr0000gn/T/fm-control-relaunch.Quj5CQ/resume-pi-15118/home/state: Directory not empty
rm: /private/var/folders/41/64hrmnwx11q5lw3l9d7zmfgr0000gn/T/fm-control-relaunch.Quj5CQ/resume-pi-15118/home: Directory not empty
rm: /private/var/folders/41/64hrmnwx11q5lw3l9d7zmfgr0000gn/T/fm-control-relaunch.Quj5CQ/resume-pi-15118: Directory not empty
rm: /private/var/folders/41/64hrmnwx11q5lw3l9d7zmfgr0000gn/T/fm-control-relaunch.Quj5CQ/continuous-meta-lock-2069/home/state/rl38.git-hooks/pre-rebase: Permission denied
rm: /private/var/folders/41/64hrmnwx11q5lw3l9d7zmfgr0000gn/T/fm-control-relaunch.Quj5CQ/continuous-meta-lock-2069/home/state/rl38.git-hooks/pre-applypatch: Permission denied
rm: /private/var/folders/41/64hrmnwx11q5lw3l9d7zmfgr0000gn/T/fm-control-relaunch.Quj5CQ/continuous-meta-lock-2069/home/state/rl38.git-hooks/pre-auto-gc: Permission denied
rm: /private/var/folders/41/64hrmnwx11q5lw3l9d7zmfgr0000gn/T/fm-control-relaunch.Quj5CQ/continuous-meta-lock-2069/home/state/rl38.git-hooks/pre-merge-commit: Permission denied
rm: /private/var/folders/41/64hrmnwx11q5lw3l9d7zmfgr0000gn/T/fm-control-relaunch.Quj5CQ/continuous-meta-lock-2069/home/state/rl38.git-hooks/post-commit: Permission denied
rm: /private/var/folders/41/64hrmnwx11q5lw3l9d7zmfgr0000gn/T/fm-control-relaunch.Quj5CQ/continuous-meta-lock-2069/home/state/rl38.git-hooks/sendemail-validate: Permission denied
rm: /private/var/folders/41/64hrmnwx11q5lw3l9d7zmfgr0000gn/T/fm-control-relaunch.Quj5CQ/continuous-meta-lock-2069/home/state/rl38.git-hooks/applypatch-msg: Permission denied
rm: /private/var/folders/41/64hrmnwx11q5lw3l9d7zmfgr0000gn/T/fm-control-relaunch.Quj5CQ/continuous-meta-lock-2069/home/state/rl38.git-hooks/prepare-commit-msg: Permission denied
rm: /private/var/folders/41/64hrmnwx11q5lw3l9d7zmfgr0000gn/T/fm-control-relaunch.Quj5CQ/continuous-meta-lock-2069/home/state/rl38.git-hooks/post-checkout: Permission denied
rm: /private/var/folders/41/64hrmnwx11q5lw3l9d7zmfgr0000gn/T/fm-control-relaunch.Quj5CQ/continuous-meta-lock-2069/home/state/rl38.git-hooks/post-applypatch: Permission denied
rm: /private/var/folders/41/64hrmnwx11q5lw3l9d7zmfgr0000gn/T/fm-control-relaunch.Quj5CQ/continuous-meta-lock-2069/home/state/rl38.git-hooks/post-rewrite: Permission denied
rm: /private/var/folders/41/64hrmnwx11q5lw3l9d7zmfgr0000gn/T/fm-control-relaunch.Quj5CQ/continuous-meta-lock-2069/home/state/rl38.git-hooks/commit-msg: Permission denied
rm: /private/var/folders/41/64hrmnwx11q5lw3l9d7zmfgr0000gn/T/fm-control-relaunch.Quj5CQ/continuous-meta-lock-2069/home/state/rl38.git-hooks/pre-push: Permission denied
rm: /private/var/folders/41/64hrmnwx11q5lw3l9d7zmfgr0000gn/T/fm-control-relaunch.Quj5CQ/continuous-meta-lock-2069/home/state/rl38.git-hooks/post-merge: Permission denied
rm: /private/var/folders/41/64hrmnwx11q5lw3l9d7zmfgr0000gn/T/fm-control-relaunch.Quj5CQ/continuous-meta-lock-2069/home/state/rl38.git-hooks/pre-commit: Permission denied
rm: /private/var/folders/41/64hrmnwx11q5lw3l9d7zmfgr0000gn/T/fm-control-relaunch.Quj5CQ/continuous-meta-lock-2069/home/state/rl38.git-hooks: Directory not empty
rm: /private/var/folders/41/64hrmnwx11q5lw3l9d7zmfgr0000gn/T/fm-control-relaunch.Quj5CQ/continuous-meta-lock-2069/home/state: Directory not empty
rm: /private/var/folders/41/64hrmnwx11q5lw3l9d7zmfgr0000gn/T/fm-control-relaunch.Quj5CQ/continuous-meta-lock-2069/home: Directory not empty
rm: /private/var/folders/41/64hrmnwx11q5lw3l9d7zmfgr0000gn/T/fm-control-relaunch.Quj5CQ/continuous-meta-lock-2069: Directory not empty
rm: /private/var/folders/41/64hrmnwx11q5lw3l9d7zmfgr0000gn/T/fm-control-relaunch.Quj5CQ/sm-11839/home/state/sm1.git-hooks/pre-rebase: Permission denied
rm: /private/var/folders/41/64hrmnwx11q5lw3l9d7zmfgr0000gn/T/fm-control-relaunch.Quj5CQ/sm-11839/home/state/sm1.git-hooks/pre-applypatch: Permission denied
rm: /private/var/folders/41/64hrmnwx11q5lw3l9d7zmfgr0000gn/T/fm-control-relaunch.Quj5CQ/sm-11839/home/state/sm1.git-hooks/pre-auto-gc: Permission denied
rm: /private/var/folders/41/64hrmnwx11q5lw3l9d7zmfgr0000gn/T/fm-control-relaunch.Quj5CQ/sm-11839/home/state/sm1.git-hooks/pre-merge-commit: Permission denied
rm: /private/var/folders/41/64hrmnwx11q5lw3l9d7zmfgr0000gn/T/fm-control-relaunch.Quj5CQ/sm-11839/home/state/sm1.git-hooks/post-commit: Permission denied
rm: /private/var/folders/41/64hrmnwx11q5lw3l9d7zmfgr0000gn/T/fm-control-relaunch.Quj5CQ/sm-11839/home/state/sm1.git-hooks/sendemail-validate: Permission denied
rm: /private/var/folders/41/64hrmnwx11q5lw3l9d7zmfgr0000gn/T/fm-control-relaunch.Quj5CQ/sm-11839/home/state/sm1.git-hooks/applypatch-msg: Permission denied
rm: /private/var/folders/41/64hrmnwx11q5lw3l9d7zmfgr0000gn/T/fm-control-relaunch.Quj5CQ/sm-11839/home/state/sm1.git-hooks/prepare-commit-msg: Permission denied
rm: /private/var/folders/41/64hrmnwx11q5lw3l9d7zmfgr0000gn/T/fm-control-relaunch.Quj5CQ/sm-11839/home/state/sm1.git-hooks/post-checkout: Permission denied
rm: /private/var/folders/41/64hrmnwx11q5lw3l9d7zmfgr0000gn/T/fm-control-relaunch.Quj5CQ/sm-11839/home/state/sm1.git-hooks/post-applypatch: Permission denied
rm: /private/var/folders/41/64hrmnwx11q5lw3l9d7zmfgr0000gn/T/fm-control-relaunch.Quj5CQ/sm-11839/home/state/sm1.git-hooks/post-rewrite: Permission denied
rm: /private/var/folders/41/64hrmnwx11q5lw3l9d7zmfgr0000gn/T/fm-control-relaunch.Quj5CQ/sm-11839/home/state/sm1.git-hooks/commit-msg: Permission denied
rm: /private/var/folders/41/64hrmnwx11q5lw3l9d7zmfgr0000gn/T/fm-control-relaunch.Quj5CQ/sm-11839/home/state/sm1.git-hooks/pre-push: Permission denied
rm: /private/var/folders/41/64hrmnwx11q5lw3l9d7zmfgr0000gn/T/fm-control-relaunch.Quj5CQ/sm-11839/home/state/sm1.git-hooks/post-merge: Permission denied
rm: /private/var/folders/41/64hrmnwx11q5lw3l9d7zmfgr0000gn/T/fm-control-relaunch.Quj5CQ/sm-11839/home/state/sm1.git-hooks/pre-commit: Permission denied
rm: /private/var/folders/41/64hrmnwx11q5lw3l9d7zmfgr0000gn/T/fm-control-relaunch.Quj5CQ/sm-11839/home/state/sm1.git-hooks: Directory not empty
rm: /private/var/folders/41/64hrmnwx11q5lw3l9d7zmfgr0000gn/T/fm-control-relaunch.Quj5CQ/sm-11839/home/state: Directory not empty
rm: /private/var/folders/41/64hrmnwx11q5lw3l9d7zmfgr0000gn/T/fm-control-relaunch.Quj5CQ/sm-11839/home: Directory not empty
rm: /private/var/folders/41/64hrmnwx11q5lw3l9d7zmfgr0000gn/T/fm-control-relaunch.Quj5CQ/sm-11839: Directory not empty
rm: /private/var/folders/41/64hrmnwx11q5lw3l9d7zmfgr0000gn/T/fm-control-relaunch.Quj5CQ/metadata-race-25995/home/state/rl28.git-hooks/pre-rebase: Permission denied
rm: /private/var/folders/41/64hrmnwx11q5lw3l9d7zmfgr0000gn/T/fm-control-relaunch.Quj5CQ/metadata-race-25995/home/state/rl28.git-hooks/pre-applypatch: Permission denied
rm: /private/var/folders/41/64hrmnwx11q5lw3l9d7zmfgr0000gn/T/fm-control-relaunch.Quj5CQ/metadata-race-25995/home/state/rl28.git-hooks/pre-auto-gc: Permission denied
rm: /private/var/folders/41/64hrmnwx11q5lw3l9d7zmfgr0000gn/T/fm-control-relaunch.Quj5CQ/metadata-race-25995/home/state/rl28.git-hooks/pre-merge-commit: Permission denied
rm: /private/var/folders/41/64hrmnwx11q5lw3l9d7zmfgr0000gn/T/fm-control-relaunch.Quj5CQ/metadata-race-25995/home/state/rl28.git-hooks/post-commit: Permission denied
rm: /private/var/folders/41/64hrmnwx11q5lw3l9d7zmfgr0000gn/T/fm-control-relaunch.Quj5CQ/metadata-race-25995/home/state/rl28.git-hooks/sendemail-validate: Permission denied
rm: /private/var/folders/41/64hrmnwx11q5lw3l9d7zmfgr0000gn/T/fm-control-relaunch.Quj5CQ/metadata-race-25995/home/state/rl28.git-hooks/applypatch-msg: Permission denied
rm: /private/var/folders/41/64hrmnwx11q5lw3l9d7zmfgr0000gn/T/fm-control-relaunch.Quj5CQ/metadata-race-25995/home/state/rl28.git-hooks/prepare-commit-msg: Permission denied
rm: /private/var/folders/41/64hrmnwx11q5lw3l9d7zmfgr0000gn/T/fm-control-relaunch.Quj5CQ/metadata-race-25995/home/state/rl28.git-hooks/post-checkout: Permission denied
rm: /private/var/folders/41/64hrmnwx11q5lw3l9d7zmfgr0000gn/T/fm-control-relaunch.Quj5CQ/metadata-race-25995/home/state/rl28.git-hooks/post-applypatch: Permission denied
rm: /private/var/folders/41/64hrmnwx11q5lw3l9d7zmfgr0000gn/T/fm-control-relaunch.Quj5CQ/metadata-race-25995/home/state/rl28.git-hooks/post-rewrite: Permission denied
rm: /private/var/folders/41/64hrmnwx11q5lw3l9d7zmfgr0000gn/T/fm-control-relaunch.Quj5CQ/metadata-race-25995/home/state/rl28.git-hooks/commit-msg: Permission denied
rm: /private/var/folders/41/64hrmnwx11q5lw3l9d7zmfgr0000gn/T/fm-control-relaunch.Quj5CQ/metadata-race-25995/home/state/rl28.git-hooks/pre-push: Permission denied
rm: /private/var/folders/41/64hrmnwx11q5lw3l9d7zmfgr0000gn/T/fm-control-relaunch.Quj5CQ/metadata-race-25995/home/state/rl28.git-hooks/post-merge: Permission denied
rm: /private/var/folders/41/64hrmnwx11q5lw3l9d7zmfgr0000gn/T/fm-control-relaunch.Quj5CQ/metadata-race-25995/home/state/rl28.git-hooks/pre-commit: Permission denied
rm: /private/var/folders/41/64hrmnwx11q5lw3l9d7zmfgr0000gn/T/fm-control-relaunch.Quj5CQ/metadata-race-25995/home/state/rl28.git-hooks: Directory not empty
rm: /private/var/folders/41/64hrmnwx11q5lw3l9d7zmfgr0000gn/T/fm-control-relaunch.Quj5CQ/metadata-race-25995/home/state: Directory not empty
rm: /private/var/folders/41/64hrmnwx11q5lw3l9d7zmfgr0000gn/T/fm-control-relaunch.Quj5CQ/metadata-race-25995/home: Directory not empty
rm: /private/var/folders/41/64hrmnwx11q5lw3l9d7zmfgr0000gn/T/fm-control-relaunch.Quj5CQ/metadata-race-25995: Directory not empty
rm: /private/var/folders/41/64hrmnwx11q5lw3l9d7zmfgr0000gn/T/fm-control-relaunch.Quj5CQ/profile-30024/home/state/rl5.git-hooks/pre-rebase: Permission denied
rm: /private/var/folders/41/64hrmnwx11q5lw3l9d7zmfgr0000gn/T/fm-control-relaunch.Quj5CQ/profile-30024/home/state/rl5.git-hooks/pre-applypatch: Permission denied
rm: /private/var/folders/41/64hrmnwx11q5lw3l9d7zmfgr0000gn/T/fm-control-relaunch.Quj5CQ/profile-30024/home/state/rl5.git-hooks/pre-auto-gc: Permission denied
rm: /private/var/folders/41/64hrmnwx11q5lw3l9d7zmfgr0000gn/T/fm-control-relaunch.Quj5CQ/profile-30024/home/state/rl5.git-hooks/pre-merge-commit: Permission denied
rm: /private/var/folders/41/64hrmnwx11q5lw3l9d7zmfgr0000gn/T/fm-control-relaunch.Quj5CQ/profile-30024/home/state/rl5.git-hooks/post-commit: Permission denied
rm: /private/var/folders/41/64hrmnwx11q5lw3l9d7zmfgr0000gn/T/fm-control-relaunch.Quj5CQ/profile-30024/home/state/rl5.git-hooks/sendemail-validate: Permission denied
rm: /private/var/folders/41/64hrmnwx11q5lw3l9d7zmfgr0000gn/T/fm-control-relaunch.Quj5CQ/profile-30024/home/state/rl5.git-hooks/applypatch-msg: Permission denied
rm: /private/var/folders/41/64hrmnwx11q5lw3l9d7zmfgr0000gn/T/fm-control-relaunch.Quj5CQ/profile-30024/home/state/rl5.git-hooks/prepare-commit-msg: Permission denied
rm: /private/var/folders/41/64hrmnwx11q5lw3l9d7zmfgr0000gn/T/fm-control-relaunch.Quj5CQ/profile-30024/home/state/rl5.git-hooks/post-checkout: Permission denied
rm: /private/var/folders/41/64hrmnwx11q5lw3l9d7zmfgr0000gn/T/fm-control-relaunch.Quj5CQ/profile-30024/home/state/rl5.git-hooks/post-applypatch: Permission denied
rm: /private/var/folders/41/64hrmnwx11q5lw3l9d7zmfgr0000gn/T/fm-control-relaunch.Quj5CQ/profile-30024/home/state/rl5.git-hooks/post-rewrite: Permission denied
rm: /private/var/folders/41/64hrmnwx11q5lw3l9d7zmfgr0000gn/T/fm-control-relaunch.Quj5CQ/profile-30024/home/state/rl5.git-hooks/commit-msg: Permission denied
rm: /private/var/folders/41/64hrmnwx11q5lw3l9d7zmfgr0000gn/T/fm-control-relaunch.Quj5CQ/profile-30024/home/state/rl5.git-hooks/pre-push: Permission denied
rm: /private/var/folders/41/64hrmnwx11q5lw3l9d7zmfgr0000gn/T/fm-control-relaunch.Quj5CQ/profile-30024/home/state/rl5.git-hooks/post-merge: Permission denied
rm: /private/var/folders/41/64hrmnwx11q5lw3l9d7zmfgr0000gn/T/fm-control-relaunch.Quj5CQ/profile-30024/home/state/rl5.git-hooks/pre-commit: Permission denied
rm: /private/var/folders/41/64hrmnwx11q5lw3l9d7zmfgr0000gn/T/fm-control-relaunch.Quj5CQ/profile-30024/home/state/rl5.git-hooks: Directory not empty
rm: /private/var/folders/41/64hrmnwx11q5lw3l9d7zmfgr0000gn/T/fm-control-relaunch.Quj5CQ/profile-30024/home/state: Directory not empty
rm: /private/var/folders/41/64hrmnwx11q5lw3l9d7zmfgr0000gn/T/fm-control-relaunch.Quj5CQ/profile-30024/home: Directory not empty
rm: /private/var/folders/41/64hrmnwx11q5lw3l9d7zmfgr0000gn/T/fm-control-relaunch.Quj5CQ/profile-30024: Directory not empty
rm: /private/var/folders/41/64hrmnwx11q5lw3l9d7zmfgr0000gn/T/fm-control-relaunch.Quj5CQ/grokauth-5338/home/state/rl9.git-hooks/pre-rebase: Permission denied
rm: /private/var/folders/41/64hrmnwx11q5lw3l9d7zmfgr0000gn/T/fm-control-relaunch.Quj5CQ/grokauth-5338/home/state/rl9.git-hooks/pre-applypatch: Permission denied
rm: /private/var/folders/41/64hrmnwx11q5lw3l9d7zmfgr0000gn/T/fm-control-relaunch.Quj5CQ/grokauth-5338/home/state/rl9.git-hooks/pre-auto-gc: Permission denied
rm: /private/var/folders/41/64hrmnwx11q5lw3l9d7zmfgr0000gn/T/fm-control-relaunch.Quj5CQ/grokauth-5338/home/state/rl9.git-hooks/pre-merge-commit: Permission denied
rm: /private/var/folders/41/64hrmnwx11q5lw3l9d7zmfgr0000gn/T/fm-control-relaunch.Quj5CQ/grokauth-5338/home/state/rl9.git-hooks/post-commit: Permission denied
rm: /private/var/folders/41/64hrmnwx11q5lw3l9d7zmfgr0000gn/T/fm-control-relaunch.Quj5CQ/grokauth-5338/home/state/rl9.git-hooks/sendemail-validate: Permission denied
rm: /private/var/folders/41/64hrmnwx11q5lw3l9d7zmfgr0000gn/T/fm-control-relaunch.Quj5CQ/grokauth-5338/home/state/rl9.git-hooks/applypatch-msg: Permission denied
rm: /private/var/folders/41/64hrmnwx11q5lw3l9d7zmfgr0000gn/T/fm-control-relaunch.Quj5CQ/grokauth-5338/home/state/rl9.git-hooks/prepare-commit-msg: Permission denied
rm: /private/var/folders/41/64hrmnwx11q5lw3l9d7zmfgr0000gn/T/fm-control-relaunch.Quj5CQ/grokauth-5338/home/state/rl9.git-hooks/post-checkout: Permission denied
rm: /private/var/folders/41/64hrmnwx11q5lw3l9d7zmfgr0000gn/T/fm-control-relaunch.Quj5CQ/grokauth-5338/home/state/rl9.git-hooks/post-applypatch: Permission denied
rm: /private/var/folders/41/64hrmnwx11q5lw3l9d7zmfgr0000gn/T/fm-control-relaunch.Quj5CQ/grokauth-5338/home/state/rl9.git-hooks/post-rewrite: Permission denied
rm: /private/var/folders/41/64hrmnwx11q5lw3l9d7zmfgr0000gn/T/fm-control-relaunch.Quj5CQ/grokauth-5338/home/state/rl9.git-hooks/commit-msg: Permission denied
rm: /private/var/folders/41/64hrmnwx11q5lw3l9d7zmfgr0000gn/T/fm-control-relaunch.Quj5CQ/grokauth-5338/home/state/rl9.git-hooks/pre-push: Permission denied
rm: /private/var/folders/41/64hrmnwx11q5lw3l9d7zmfgr0000gn/T/fm-control-relaunch.Quj5CQ/grokauth-5338/home/state/rl9.git-hooks/post-merge: Permission denied
rm: /private/var/folders/41/64hrmnwx11q5lw3l9d7zmfgr0000gn/T/fm-control-relaunch.Quj5CQ/grokauth-5338/home/state/rl9.git-hooks/pre-commit: Permission denied
rm: /private/var/folders/41/64hrmnwx11q5lw3l9d7zmfgr0000gn/T/fm-control-relaunch.Quj5CQ/grokauth-5338/home/state/rl9.git-hooks: Directory not empty
rm: /private/var/folders/41/64hrmnwx11q5lw3l9d7zmfgr0000gn/T/fm-control-relaunch.Quj5CQ/grokauth-5338/home/state: Directory not empty
rm: /private/var/folders/41/64hrmnwx11q5lw3l9d7zmfgr0000gn/T/fm-control-relaunch.Quj5CQ/grokauth-5338/home: Directory not empty
rm: /private/var/folders/41/64hrmnwx11q5lw3l9d7zmfgr0000gn/T/fm-control-relaunch.Quj5CQ/grokauth-5338: Directory not empty
rm: /private/var/folders/41/64hrmnwx11q5lw3l9d7zmfgr0000gn/T/fm-control-relaunch.Quj5CQ/promoted-scout-no-mistakes-6340/home/state/rl-promoted-no-mistakes.git-hooks/pre-rebase: Permission denied
rm: /private/var/folders/41/64hrmnwx11q5lw3l9d7zmfgr0000gn/T/fm-control-relaunch.Quj5CQ/promoted-scout-no-mistakes-6340/home/state/rl-promoted-no-mistakes.git-hooks/pre-applypatch: Permission denied
rm: /private/var/folders/41/64hrmnwx11q5lw3l9d7zmfgr0000gn/T/fm-control-relaunch.Quj5CQ/promoted-scout-no-mistakes-6340/home/state/rl-promoted-no-mistakes.git-hooks/pre-auto-gc: Permission denied
rm: /private/var/folders/41/64hrmnwx11q5lw3l9d7zmfgr0000gn/T/fm-control-relaunch.Quj5CQ/promoted-scout-no-mistakes-6340/home/state/rl-promoted-no-mistakes.git-hooks/pre-merge-commit: Permission denied
rm: /private/var/folders/41/64hrmnwx11q5lw3l9d7zmfgr0000gn/T/fm-control-relaunch.Quj5CQ/promoted-scout-no-mistakes-6340/home/state/rl-promoted-no-mistakes.git-hooks/post-commit: Permission denied
rm: /private/var/folders/41/64hrmnwx11q5lw3l9d7zmfgr0000gn/T/fm-control-relaunch.Quj5CQ/promoted-scout-no-mistakes-6340/home/state/rl-promoted-no-mistakes.git-hooks/sendemail-validate: Permission denied
rm: /private/var/folders/41/64hrmnwx11q5lw3l9d7zmfgr0000gn/T/fm-control-relaunch.Quj5CQ/promoted-scout-no-mistakes-6340/home/state/rl-promoted-no-mistakes.git-hooks/applypatch-msg: Permission denied
rm: /private/var/folders/41/64hrmnwx11q5lw3l9d7zmfgr0000gn/T/fm-control-relaunch.Quj5CQ/promoted-scout-no-mistakes-6340/home/state/rl-promoted-no-mistakes.git-hooks/prepare-commit-msg: Permission denied
rm: /private/var/folders/41/64hrmnwx11q5lw3l9d7zmfgr0000gn/T/fm-control-relaunch.Quj5CQ/promoted-scout-no-mistakes-6340/home/state/rl-promoted-no-mistakes.git-hooks/post-checkout: Permission denied
rm: /private/var/folders/41/64hrmnwx11q5lw3l9d7zmfgr0000gn/T/fm-control-relaunch.Quj5CQ/promoted-scout-no-mistakes-6340/home/state/rl-promoted-no-mistakes.git-hooks/post-applypatch: Permission denied
rm: /private/var/folders/41/64hrmnwx11q5lw3l9d7zmfgr0000gn/T/fm-control-relaunch.Quj5CQ/promoted-scout-no-mistakes-6340/home/state/rl-promoted-no-mistakes.git-hooks/post-rewrite: Permission denied
rm: /private/var/folders/41/64hrmnwx11q5lw3l9d7zmfgr0000gn/T/fm-control-relaunch.Quj5CQ/promoted-scout-no-mistakes-6340/home/state/rl-promoted-no-mistakes.git-hooks/commit-msg: Permission denied
rm: /private/var/folders/41/64hrmnwx11q5lw3l9d7zmfgr0000gn/T/fm-control-relaunch.Quj5CQ/promoted-scout-no-mistakes-6340/home/state/rl-promoted-no-mistakes.git-hooks/pre-push: Permission denied
rm: /private/var/folders/41/64hrmnwx11q5lw3l9d7zmfgr0000gn/T/fm-control-relaunch.Quj5CQ/promoted-scout-no-mistakes-6340/home/state/rl-promoted-no-mistakes.git-hooks/post-merge: Permission denied
rm: /private/var/folders/41/64hrmnwx11q5lw3l9d7zmfgr0000gn/T/fm-control-relaunch.Quj5CQ/promoted-scout-no-mistakes-6340/home/state/rl-promoted-no-mistakes.git-hooks/pre-commit: Permission denied
rm: /private/var/folders/41/64hrmnwx11q5lw3l9d7zmfgr0000gn/T/fm-control-relaunch.Quj5CQ/promoted-scout-no-mistakes-6340/home/state/rl-promoted-no-mistakes.git-hooks: Directory not empty
rm: /private/var/folders/41/64hrmnwx11q5lw3l9d7zmfgr0000gn/T/fm-control-relaunch.Quj5CQ/promoted-scout-no-mistakes-6340/home/state: Directory not empty
rm: /private/var/folders/41/64hrmnwx11q5lw3l9d7zmfgr0000gn/T/fm-control-relaunch.Quj5CQ/promoted-scout-no-mistakes-6340/home: Directory not empty
rm: /private/var/folders/41/64hrmnwx11q5lw3l9d7zmfgr0000gn/T/fm-control-relaunch.Quj5CQ/promoted-scout-no-mistakes-6340: Directory not empty
rm: /private/var/folders/41/64hrmnwx11q5lw3l9d7zmfgr0000gn/T/fm-control-relaunch.Quj5CQ/durable-meta-15940/home/state/rl19.git-hooks/pre-rebase: Permission denied
rm: /private/var/folders/41/64hrmnwx11q5lw3l9d7zmfgr0000gn/T/fm-control-relaunch.Quj5CQ/durable-meta-15940/home/state/rl19.git-hooks/pre-applypatch: Permission denied
rm: /private/var/folders/41/64hrmnwx11q5lw3l9d7zmfgr0000gn/T/fm-control-relaunch.Quj5CQ/durable-meta-15940/home/state/rl19.git-hooks/pre-auto-gc: Permission denied
rm: /private/var/folders/41/64hrmnwx11q5lw3l9d7zmfgr0000gn/T/fm-control-relaunch.Quj5CQ/durable-meta-15940/home/state/rl19.git-hooks/pre-merge-commit: Permission denied
rm: /private/var/folders/41/64hrmnwx11q5lw3l9d7zmfgr0000gn/T/fm-control-relaunch.Quj5CQ/durable-meta-15940/home/state/rl19.git-hooks/post-commit: Permission denied
rm: /private/var/folders/41/64hrmnwx11q5lw3l9d7zmfgr0000gn/T/fm-control-relaunch.Quj5CQ/durable-meta-15940/home/state/rl19.git-hooks/sendemail-validate: Permission denied
rm: /private/var/folders/41/64hrmnwx11q5lw3l9d7zmfgr0000gn/T/fm-control-relaunch.Quj5CQ/durable-meta-15940/home/state/rl19.git-hooks/applypatch-msg: Permission denied
rm: /private/var/folders/41/64hrmnwx11q5lw3l9d7zmfgr0000gn/T/fm-control-relaunch.Quj5CQ/durable-meta-15940/home/state/rl19.git-hooks/prepare-commit-msg: Permission denied
rm: /private/var/folders/41/64hrmnwx11q5lw3l9d7zmfgr0000gn/T/fm-control-relaunch.Quj5CQ/durable-meta-15940/home/state/rl19.git-hooks/post-checkout: Permission denied
rm: /private/var/folders/41/64hrmnwx11q5lw3l9d7zmfgr0000gn/T/fm-control-relaunch.Quj5CQ/durable-meta-15940/home/state/rl19.git-hooks/post-applypatch: Permission denied
rm: /private/var/folders/41/64hrmnwx11q5lw3l9d7zmfgr0000gn/T/fm-control-relaunch.Quj5CQ/durable-meta-15940/home/state/rl19.git-hooks/post-rewrite: Permission denied
rm: /private/var/folders/41/64hrmnwx11q5lw3l9d7zmfgr0000gn/T/fm-control-relaunch.Quj5CQ/durable-meta-15940/home/state/rl19.git-hooks/commit-msg: Permission denied
rm: /private/var/folders/41/64hrmnwx11q5lw3l9d7zmfgr0000gn/T/fm-control-relaunch.Quj5CQ/durable-meta-15940/home/state/rl19.git-hooks/pre-push: Permission denied
rm: /private/var/folders/41/64hrmnwx11q5lw3l9d7zmfgr0000gn/T/fm-control-relaunch.Quj5CQ/durable-meta-15940/home/state/rl19.git-hooks/post-merge: Permission denied
rm: /private/var/folders/41/64hrmnwx11q5lw3l9d7zmfgr0000gn/T/fm-control-relaunch.Quj5CQ/durable-meta-15940/home/state/rl19.git-hooks/pre-commit: Permission denied
rm: /private/var/folders/41/64hrmnwx11q5lw3l9d7zmfgr0000gn/T/fm-control-relaunch.Quj5CQ/durable-meta-15940/home/state/rl19.git-hooks: Directory not empty
rm: /private/var/folders/41/64hrmnwx11q5lw3l9d7zmfgr0000gn/T/fm-control-relaunch.Quj5CQ/durable-meta-15940/home/state: Directory not empty
rm: /private/var/folders/41/64hrmnwx11q5lw3l9d7zmfgr0000gn/T/fm-control-relaunch.Quj5CQ/durable-meta-15940/home: Directory not empty
rm: /private/var/folders/41/64hrmnwx11q5lw3l9d7zmfgr0000gn/T/fm-control-relaunch.Quj5CQ/durable-meta-15940: Directory not empty
rm: /private/var/folders/41/64hrmnwx11q5lw3l9d7zmfgr0000gn/T/fm-control-relaunch.Quj5CQ/resume-claude-29094/home/state/resume-claude.git-hooks/pre-rebase: Permission denied
rm: /private/var/folders/41/64hrmnwx11q5lw3l9d7zmfgr0000gn/T/fm-control-relaunch.Quj5CQ/resume-claude-29094/home/state/resume-claude.git-hooks/pre-applypatch: Permission denied
rm: /private/var/folders/41/64hrmnwx11q5lw3l9d7zmfgr0000gn/T/fm-control-relaunch.Quj5CQ/resume-claude-29094/home/state/resume-claude.git-hooks/pre-auto-gc: Permission denied
rm: /private/var/folders/41/64hrmnwx11q5lw3l9d7zmfgr0000gn/T/fm-control-relaunch.Quj5CQ/resume-claude-29094/home/state/resume-claude.git-hooks/pre-merge-commit: Permission denied
rm: /private/var/folders/41/64hrmnwx11q5lw3l9d7zmfgr0000gn/T/fm-control-relaunch.Quj5CQ/resume-claude-29094/home/state/resume-claude.git-hooks/post-commit: Permission denied
rm: /private/var/folders/41/64hrmnwx11q5lw3l9d7zmfgr0000gn/T/fm-control-relaunch.Quj5CQ/resume-claude-29094/home/state/resume-claude.git-hooks/sendemail-validate: Permission denied
rm: /private/var/folders/41/64hrmnwx11q5lw3l9d7zmfgr0000gn/T/fm-control-relaunch.Quj5CQ/resume-claude-29094/home/state/resume-claude.git-hooks/applypatch-msg: Permission denied
rm: /private/var/folders/41/64hrmnwx11q5lw3l9d7zmfgr0000gn/T/fm-control-relaunch.Quj5CQ/resume-claude-29094/home/state/resume-claude.git-hooks/prepare-commit-msg: Permission denied
rm: /private/var/folders/41/64hrmnwx11q5lw3l9d7zmfgr0000gn/T/fm-control-relaunch.Quj5CQ/resume-claude-29094/home/state/resume-claude.git-hooks/post-checkout: Permission denied
rm: /private/var/folders/41/64hrmnwx11q5lw3l9d7zmfgr0000gn/T/fm-control-relaunch.Quj5CQ/resume-claude-29094/home/state/resume-claude.git-hooks/post-applypatch: Permission denied
rm: /private/var/folders/41/64hrmnwx11q5lw3l9d7zmfgr0000gn/T/fm-control-relaunch.Quj5CQ/resume-claude-29094/home/state/resume-claude.git-hooks/post-rewrite: Permission denied
rm: /private/var/folders/41/64hrmnwx11q5lw3l9d7zmfgr0000gn/T/fm-control-relaunch.Quj5CQ/resume-claude-29094/home/state/resume-claude.git-hooks/commit-msg: Permission denied
rm: /private/var/folders/41/64hrmnwx11q5lw3l9d7zmfgr0000gn/T/fm-control-relaunch.Quj5CQ/resume-claude-29094/home/state/resume-claude.git-hooks/pre-push: Permission denied
rm: /private/var/folders/41/64hrmnwx11q5lw3l9d7zmfgr0000gn/T/fm-control-relaunch.Quj5CQ/resume-claude-29094/home/state/resume-claude.git-hooks/post-merge: Permission denied
rm: /private/var/folders/41/64hrmnwx11q5lw3l9d7zmfgr0000gn/T/fm-control-relaunch.Quj5CQ/resume-claude-29094/home/state/resume-claude.git-hooks/pre-commit: Permission denied
rm: /private/var/folders/41/64hrmnwx11q5lw3l9d7zmfgr0000gn/T/fm-control-relaunch.Quj5CQ/resume-claude-29094/home/state/resume-claude.git-hooks: Directory not empty
rm: /private/var/folders/41/64hrmnwx11q5lw3l9d7zmfgr0000gn/T/fm-control-relaunch.Quj5CQ/resume-claude-29094/home/state: Directory not empty
rm: /private/var/folders/41/64hrmnwx11q5lw3l9d7zmfgr0000gn/T/fm-control-relaunch.Quj5CQ/resume-claude-29094/home: Directory not empty
rm: /private/var/folders/41/64hrmnwx11q5lw3l9d7zmfgr0000gn/T/fm-control-relaunch.Quj5CQ/resume-claude-29094: Directory not empty
rm: /private/var/folders/41/64hrmnwx11q5lw3l9d7zmfgr0000gn/T/fm-control-relaunch.Quj5CQ/same-29317/home/state/rl1.git-hooks/pre-rebase: Permission denied
rm: /private/var/folders/41/64hrmnwx11q5lw3l9d7zmfgr0000gn/T/fm-control-relaunch.Quj5CQ/same-29317/home/state/rl1.git-hooks/pre-applypatch: Permission denied
rm: /private/var/folders/41/64hrmnwx11q5lw3l9d7zmfgr0000gn/T/fm-control-relaunch.Quj5CQ/same-29317/home/state/rl1.git-hooks/pre-auto-gc: Permission denied
rm: /private/var/folders/41/64hrmnwx11q5lw3l9d7zmfgr0000gn/T/fm-control-relaunch.Quj5CQ/same-29317/home/state/rl1.git-hooks/pre-merge-commit: Permission denied
rm: /private/var/folders/41/64hrmnwx11q5lw3l9d7zmfgr0000gn/T/fm-control-relaunch.Quj5CQ/same-29317/home/state/rl1.git-hooks/post-commit: Permission denied
rm: /private/var/folders/41/64hrmnwx11q5lw3l9d7zmfgr0000gn/T/fm-control-relaunch.Quj5CQ/same-29317/home/state/rl1.git-hooks/sendemail-validate: Permission denied
rm: /private/var/folders/41/64hrmnwx11q5lw3l9d7zmfgr0000gn/T/fm-control-relaunch.Quj5CQ/same-29317/home/state/rl1.git-hooks/applypatch-msg: Permission denied
rm: /private/var/folders/41/64hrmnwx11q5lw3l9d7zmfgr0000gn/T/fm-control-relaunch.Quj5CQ/same-29317/home/state/rl1.git-hooks/prepare-commit-msg: Permission denied
rm: /private/var/folders/41/64hrmnwx11q5lw3l9d7zmfgr0000gn/T/fm-control-relaunch.Quj5CQ/same-29317/home/state/rl1.git-hooks/post-checkout: Permission denied
rm: /private/var/folders/41/64hrmnwx11q5lw3l9d7zmfgr0000gn/T/fm-control-relaunch.Quj5CQ/same-29317/home/state/rl1.git-hooks/post-applypatch: Permission denied
rm: /private/var/folders/41/64hrmnwx11q5lw3l9d7zmfgr0000gn/T/fm-control-relaunch.Quj5CQ/same-29317/home/state/rl1.git-hooks/post-rewrite: Permission denied
rm: /private/var/folders/41/64hrmnwx11q5lw3l9d7zmfgr0000gn/T/fm-control-relaunch.Quj5CQ/same-29317/home/state/rl1.git-hooks/commit-msg: Permission denied
rm: /private/var/folders/41/64hrmnwx11q5lw3l9d7zmfgr0000gn/T/fm-control-relaunch.Quj5CQ/same-29317/home/state/rl1.git-hooks/pre-push: Permission denied
rm: /private/var/folders/41/64hrmnwx11q5lw3l9d7zmfgr0000gn/T/fm-control-relaunch.Quj5CQ/same-29317/home/state/rl1.git-hooks/post-merge: Permission denied
rm: /private/var/folders/41/64hrmnwx11q5lw3l9d7zmfgr0000gn/T/fm-control-relaunch.Quj5CQ/same-29317/home/state/rl1.git-hooks/pre-commit: Permission denied
rm: /private/var/folders/41/64hrmnwx11q5lw3l9d7zmfgr0000gn/T/fm-control-relaunch.Quj5CQ/same-29317/home/state/rl1.git-hooks: Directory not empty
rm: /private/var/folders/41/64hrmnwx11q5lw3l9d7zmfgr0000gn/T/fm-control-relaunch.Quj5CQ/same-29317/home/state: Directory not empty
rm: /private/var/folders/41/64hrmnwx11q5lw3l9d7zmfgr0000gn/T/fm-control-relaunch.Quj5CQ/same-29317/home: Directory not empty
rm: /private/var/folders/41/64hrmnwx11q5lw3l9d7zmfgr0000gn/T/fm-control-relaunch.Quj5CQ/same-29317: Directory not empty
rm: /private/var/folders/41/64hrmnwx11q5lw3l9d7zmfgr0000gn/T/fm-control-relaunch.Quj5CQ/cursorwiring-27381/home/state/rl35.git-hooks/pre-rebase: Permission denied
rm: /private/var/folders/41/64hrmnwx11q5lw3l9d7zmfgr0000gn/T/fm-control-relaunch.Quj5CQ/cursorwiring-27381/home/state/rl35.git-hooks/pre-applypatch: Permission denied
rm: /private/var/folders/41/64hrmnwx11q5lw3l9d7zmfgr0000gn/T/fm-control-relaunch.Quj5CQ/cursorwiring-27381/home/state/rl35.git-hooks/pre-auto-gc: Permission denied
rm: /private/var/folders/41/64hrmnwx11q5lw3l9d7zmfgr0000gn/T/fm-control-relaunch.Quj5CQ/cursorwiring-27381/home/state/rl35.git-hooks/pre-merge-commit: Permission denied
rm: /private/var/folders/41/64hrmnwx11q5lw3l9d7zmfgr0000gn/T/fm-control-relaunch.Quj5CQ/cursorwiring-27381/home/state/rl35.git-hooks/post-commit: Permission denied
rm: /private/var/folders/41/64hrmnwx11q5lw3l9d7zmfgr0000gn/T/fm-control-relaunch.Quj5CQ/cursorwiring-27381/home/state/rl35.git-hooks/sendemail-validate: Permission denied
rm: /private/var/folders/41/64hrmnwx11q5lw3l9d7zmfgr0000gn/T/fm-control-relaunch.Quj5CQ/cursorwiring-27381/home/state/rl35.git-hooks/applypatch-msg: Permission denied
rm: /private/var/folders/41/64hrmnwx11q5lw3l9d7zmfgr0000gn/T/fm-control-relaunch.Quj5CQ/cursorwiring-27381/home/state/rl35.git-hooks/prepare-commit-msg: Permission denied
rm: /private/var/folders/41/64hrmnwx11q5lw3l9d7zmfgr0000gn/T/fm-control-relaunch.Quj5CQ/cursorwiring-27381/home/state/rl35.git-hooks/post-checkout: Permission denied
rm: /private/var/folders/41/64hrmnwx11q5lw3l9d7zmfgr0000gn/T/fm-control-relaunch.Quj5CQ/cursorwiring-27381/home/state/rl35.git-hooks/post-applypatch: Permission denied
rm: /private/var/folders/41/64hrmnwx11q5lw3l9d7zmfgr0000gn/T/fm-control-relaunch.Quj5CQ/cursorwiring-27381/home/state/rl35.git-hooks/post-rewrite: Permission denied
rm: /private/var/folders/41/64hrmnwx11q5lw3l9d7zmfgr0000gn/T/fm-control-relaunch.Quj5CQ/cursorwiring-27381/home/state/rl35.git-hooks/commit-msg: Permission denied
rm: /private/var/folders/41/64hrmnwx11q5lw3l9d7zmfgr0000gn/T/fm-control-relaunch.Quj5CQ/cursorwiring-27381/home/state/rl35.git-hooks/pre-push: Permission denied
rm: /private/var/folders/41/64hrmnwx11q5lw3l9d7zmfgr0000gn/T/fm-control-relaunch.Quj5CQ/cursorwiring-27381/home/state/rl35.git-hooks/post-merge: Permission denied
rm: /private/var/folders/41/64hrmnwx11q5lw3l9d7zmfgr0000gn/T/fm-control-relaunch.Quj5CQ/cursorwiring-27381/home/state/rl35.git-hooks/pre-commit: Permission denied
rm: /private/var/folders/41/64hrmnwx11q5lw3l9d7zmfgr0000gn/T/fm-control-relaunch.Quj5CQ/cursorwiring-27381/home/state/rl35.git-hooks: Directory not empty
rm: /private/var/folders/41/64hrmnwx11q5lw3l9d7zmfgr0000gn/T/fm-control-relaunch.Quj5CQ/cursorwiring-27381/home/state: Directory not empty
rm: /private/var/folders/41/64hrmnwx11q5lw3l9d7zmfgr0000gn/T/fm-control-relaunch.Quj5CQ/cursorwiring-27381/home: Directory not empty
rm: /private/var/folders/41/64hrmnwx11q5lw3l9d7zmfgr0000gn/T/fm-control-relaunch.Quj5CQ/cursorwiring-27381: Directory not empty
rm: /private/var/folders/41/64hrmnwx11q5lw3l9d7zmfgr0000gn/T/fm-control-relaunch.Quj5CQ/native-ultra-1387/home/state/rl-ultra.git-hooks/pre-rebase: Permission denied
rm: /private/var/folders/41/64hrmnwx11q5lw3l9d7zmfgr0000gn/T/fm-control-relaunch.Quj5CQ/native-ultra-1387/home/state/rl-ultra.git-hooks/pre-applypatch: Permission denied
rm: /private/var/folders/41/64hrmnwx11q5lw3l9d7zmfgr0000gn/T/fm-control-relaunch.Quj5CQ/native-ultra-1387/home/state/rl-ultra.git-hooks/pre-auto-gc: Permission denied
rm: /private/var/folders/41/64hrmnwx11q5lw3l9d7zmfgr0000gn/T/fm-control-relaunch.Quj5CQ/native-ultra-1387/home/state/rl-ultra.git-hooks/pre-merge-commit: Permission denied
rm: /private/var/folders/41/64hrmnwx11q5lw3l9d7zmfgr0000gn/T/fm-control-relaunch.Quj5CQ/native-ultra-1387/home/state/rl-ultra.git-hooks/post-commit: Permission denied
rm: /private/var/folders/41/64hrmnwx11q5lw3l9d7zmfgr0000gn/T/fm-control-relaunch.Quj5CQ/native-ultra-1387/home/state/rl-ultra.git-hooks/sendemail-validate: Permission denied
rm: /private/var/folders/41/64hrmnwx11q5lw3l9d7zmfgr0000gn/T/fm-control-relaunch.Quj5CQ/native-ultra-1387/home/state/rl-ultra.git-hooks/applypatch-msg: Permission denied
rm: /private/var/folders/41/64hrmnwx11q5lw3l9d7zmfgr0000gn/T/fm-control-relaunch.Quj5CQ/native-ultra-1387/home/state/rl-ultra.git-hooks/prepare-commit-msg: Permission denied
rm: /private/var/folders/41/64hrmnwx11q5lw3l9d7zmfgr0000gn/T/fm-control-relaunch.Quj5CQ/native-ultra-1387/home/state/rl-ultra.git-hooks/post-checkout: Permission denied
rm: /private/var/folders/41/64hrmnwx11q5lw3l9d7zmfgr0000gn/T/fm-control-relaunch.Quj5CQ/native-ultra-1387/home/state/rl-ultra.git-hooks/post-applypatch: Permission denied
rm: /private/var/folders/41/64hrmnwx11q5lw3l9d7zmfgr0000gn/T/fm-control-relaunch.Quj5CQ/native-ultra-1387/home/state/rl-ultra.git-hooks/post-rewrite: Permission denied
rm: /private/var/folders/41/64hrmnwx11q5lw3l9d7zmfgr0000gn/T/fm-control-relaunch.Quj5CQ/native-ultra-1387/home/state/rl-ultra.git-hooks/commit-msg: Permission denied
rm: /private/var/folders/41/64hrmnwx11q5lw3l9d7zmfgr0000gn/T/fm-control-relaunch.Quj5CQ/native-ultra-1387/home/state/rl-ultra.git-hooks/pre-push: Permission denied
rm: /private/var/folders/41/64hrmnwx11q5lw3l9d7zmfgr0000gn/T/fm-control-relaunch.Quj5CQ/native-ultra-1387/home/state/rl-ultra.git-hooks/post-merge: Permission denied
rm: /private/var/folders/41/64hrmnwx11q5lw3l9d7zmfgr0000gn/T/fm-control-relaunch.Quj5CQ/native-ultra-1387/home/state/rl-ultra.git-hooks/pre-commit: Permission denied
rm: /private/var/folders/41/64hrmnwx11q5lw3l9d7zmfgr0000gn/T/fm-control-relaunch.Quj5CQ/native-ultra-1387/home/state/rl-ultra.git-hooks: Directory not empty
rm: /private/var/folders/41/64hrmnwx11q5lw3l9d7zmfgr0000gn/T/fm-control-relaunch.Quj5CQ/native-ultra-1387/home/state: Directory not empty
rm: /private/var/folders/41/64hrmnwx11q5lw3l9d7zmfgr0000gn/T/fm-control-relaunch.Quj5CQ/native-ultra-1387/home: Directory not empty
rm: /private/var/folders/41/64hrmnwx11q5lw3l9d7zmfgr0000gn/T/fm-control-relaunch.Quj5CQ/native-ultra-1387: Directory not empty
rm: /private/var/folders/41/64hrmnwx11q5lw3l9d7zmfgr0000gn/T/fm-control-relaunch.Quj5CQ/prefixwiring-22576/home/state/rl30.git-hooks/pre-rebase: Permission denied
rm: /private/var/folders/41/64hrmnwx11q5lw3l9d7zmfgr0000gn/T/fm-control-relaunch.Quj5CQ/prefixwiring-22576/home/state/rl30.git-hooks/pre-applypatch: Permission denied
rm: /private/var/folders/41/64hrmnwx11q5lw3l9d7zmfgr0000gn/T/fm-control-relaunch.Quj5CQ/prefixwiring-22576/home/state/rl30.git-hooks/pre-auto-gc: Permission denied
rm: /private/var/folders/41/64hrmnwx11q5lw3l9d7zmfgr0000gn/T/fm-control-relaunch.Quj5CQ/prefixwiring-22576/home/state/rl30.git-hooks/pre-merge-commit: Permission denied
rm: /private/var/folders/41/64hrmnwx11q5lw3l9d7zmfgr0000gn/T/fm-control-relaunch.Quj5CQ/prefixwiring-22576/home/state/rl30.git-hooks/post-commit: Permission denied
rm: /private/var/folders/41/64hrmnwx11q5lw3l9d7zmfgr0000gn/T/fm-control-relaunch.Quj5CQ/prefixwiring-22576/home/state/rl30.git-hooks/sendemail-validate: Permission denied
rm: /private/var/folders/41/64hrmnwx11q5lw3l9d7zmfgr0000gn/T/fm-control-relaunch.Quj5CQ/prefixwiring-22576/home/state/rl30.git-hooks/applypatch-msg: Permission denied
rm: /private/var/folders/41/64hrmnwx11q5lw3l9d7zmfgr0000gn/T/fm-control-relaunch.Quj5CQ/prefixwiring-22576/home/state/rl30.git-hooks/prepare-commit-msg: Permission denied
rm: /private/var/folders/41/64hrmnwx11q5lw3l9d7zmfgr0000gn/T/fm-control-relaunch.Quj5CQ/prefixwiring-22576/home/state/rl30.git-hooks/post-checkout: Permission denied
rm: /private/var/folders/41/64hrmnwx11q5lw3l9d7zmfgr0000gn/T/fm-control-relaunch.Quj5CQ/prefixwiring-22576/home/state/rl30.git-hooks/post-applypatch: Permission denied
rm: /private/var/folders/41/64hrmnwx11q5lw3l9d7zmfgr0000gn/T/fm-control-relaunch.Quj5CQ/prefixwiring-22576/home/state/rl30.git-hooks/post-rewrite: Permission denied
rm: /private/var/folders/41/64hrmnwx11q5lw3l9d7zmfgr0000gn/T/fm-control-relaunch.Quj5CQ/prefixwiring-22576/home/state/rl30.git-hooks/commit-msg: Permission denied
rm: /private/var/folders/41/64hrmnwx11q5lw3l9d7zmfgr0000gn/T/fm-control-relaunch.Quj5CQ/prefixwiring-22576/home/state/rl30.git-hooks/pre-push: Permission denied
rm: /private/var/folders/41/64hrmnwx11q5lw3l9d7zmfgr0000gn/T/fm-control-relaunch.Quj5CQ/prefixwiring-22576/home/state/rl30.git-hooks/post-merge: Permission denied
rm: /private/var/folders/41/64hrmnwx11q5lw3l9d7zmfgr0000gn/T/fm-control-relaunch.Quj5CQ/prefixwiring-22576/home/state/rl30.git-hooks/pre-commit: Permission denied
rm: /private/var/folders/41/64hrmnwx11q5lw3l9d7zmfgr0000gn/T/fm-control-relaunch.Quj5CQ/prefixwiring-22576/home/state/rl30.git-hooks: Directory not empty
rm: /private/var/folders/41/64hrmnwx11q5lw3l9d7zmfgr0000gn/T/fm-control-relaunch.Quj5CQ/prefixwiring-22576/home/state: Directory not empty
rm: /private/var/folders/41/64hrmnwx11q5lw3l9d7zmfgr0000gn/T/fm-control-relaunch.Quj5CQ/prefixwiring-22576/home: Directory not empty
rm: /private/var/folders/41/64hrmnwx11q5lw3l9d7zmfgr0000gn/T/fm-control-relaunch.Quj5CQ/prefixwiring-22576: Directory not empty
rm: /private/var/folders/41/64hrmnwx11q5lw3l9d7zmfgr0000gn/T/fm-control-relaunch.Quj5CQ/gone-herdr-work-864/home/state/rl75.git-hooks/pre-rebase: Permission denied
rm: /private/var/folders/41/64hrmnwx11q5lw3l9d7zmfgr0000gn/T/fm-control-relaunch.Quj5CQ/gone-herdr-work-864/home/state/rl75.git-hooks/pre-applypatch: Permission denied
rm: /private/var/folders/41/64hrmnwx11q5lw3l9d7zmfgr0000gn/T/fm-control-relaunch.Quj5CQ/gone-herdr-work-864/home/state/rl75.git-hooks/pre-auto-gc: Permission denied
rm: /private/var/folders/41/64hrmnwx11q5lw3l9d7zmfgr0000gn/T/fm-control-relaunch.Quj5CQ/gone-herdr-work-864/home/state/rl75.git-hooks/pre-merge-commit: Permission denied
rm: /private/var/folders/41/64hrmnwx11q5lw3l9d7zmfgr0000gn/T/fm-control-relaunch.Quj5CQ/gone-herdr-work-864/home/state/rl75.git-hooks/post-commit: Permission denied
rm: /private/var/folders/41/64hrmnwx11q5lw3l9d7zmfgr0000gn/T/fm-control-relaunch.Quj5CQ/gone-herdr-work-864/home/state/rl75.git-hooks/sendemail-validate: Permission denied
rm: /private/var/folders/41/64hrmnwx11q5lw3l9d7zmfgr0000gn/T/fm-control-relaunch.Quj5CQ/gone-herdr-work-864/home/state/rl75.git-hooks/applypatch-msg: Permission denied
rm: /private/var/folders/41/64hrmnwx11q5lw3l9d7zmfgr0000gn/T/fm-control-relaunch.Quj5CQ/gone-herdr-work-864/home/state/rl75.git-hooks/prepare-commit-msg: Permission denied
rm: /private/var/folders/41/64hrmnwx11q5lw3l9d7zmfgr0000gn/T/fm-control-relaunch.Quj5CQ/gone-herdr-work-864/home/state/rl75.git-hooks/post-checkout: Permission denied
rm: /private/var/folders/41/64hrmnwx11q5lw3l9d7zmfgr0000gn/T/fm-control-relaunch.Quj5CQ/gone-herdr-work-864/home/state/rl75.git-hooks/post-applypatch: Permission denied
rm: /private/var/folders/41/64hrmnwx11q5lw3l9d7zmfgr0000gn/T/fm-control-relaunch.Quj5CQ/gone-herdr-work-864/home/state/rl75.git-hooks/post-rewrite: Permission denied
rm: /private/var/folders/41/64hrmnwx11q5lw3l9d7zmfgr0000gn/T/fm-control-relaunch.Quj5CQ/gone-herdr-work-864/home/state/rl75.git-hooks/commit-msg: Permission denied
rm: /private/var/folders/41/64hrmnwx11q5lw3l9d7zmfgr0000gn/T/fm-control-relaunch.Quj5CQ/gone-herdr-work-864/home/state/rl75.git-hooks/pre-push: Permission denied
rm: /private/var/folders/41/64hrmnwx11q5lw3l9d7zmfgr0000gn/T/fm-control-relaunch.Quj5CQ/gone-herdr-work-864/home/state/rl75.git-hooks/post-merge: Permission denied
rm: /private/var/folders/41/64hrmnwx11q5lw3l9d7zmfgr0000gn/T/fm-control-relaunch.Quj5CQ/gone-herdr-work-864/home/state/rl75.git-hooks/pre-commit: Permission denied
rm: /private/var/folders/41/64hrmnwx11q5lw3l9d7zmfgr0000gn/T/fm-control-relaunch.Quj5CQ/gone-herdr-work-864/home/state/rl75.git-hooks: Directory not empty
rm: /private/var/folders/41/64hrmnwx11q5lw3l9d7zmfgr0000gn/T/fm-control-relaunch.Quj5CQ/gone-herdr-work-864/home/state: Directory not empty
rm: /private/var/folders/41/64hrmnwx11q5lw3l9d7zmfgr0000gn/T/fm-control-relaunch.Quj5CQ/gone-herdr-work-864/home: Directory not empty
rm: /private/var/folders/41/64hrmnwx11q5lw3l9d7zmfgr0000gn/T/fm-control-relaunch.Quj5CQ/gone-herdr-work-864: Directory not empty
rm: /private/var/folders/41/64hrmnwx11q5lw3l9d7zmfgr0000gn/T/fm-control-relaunch.Quj5CQ/gone-herdr-18870/home/state/rl68.git-hooks/pre-rebase: Permission denied
rm: /private/var/folders/41/64hrmnwx11q5lw3l9d7zmfgr0000gn/T/fm-control-relaunch.Quj5CQ/gone-herdr-18870/home/state/rl68.git-hooks/pre-applypatch: Permission denied
rm: /private/var/folders/41/64hrmnwx11q5lw3l9d7zmfgr0000gn/T/fm-control-relaunch.Quj5CQ/gone-herdr-18870/home/state/rl68.git-hooks/pre-auto-gc: Permission denied
rm: /private/var/folders/41/64hrmnwx11q5lw3l9d7zmfgr0000gn/T/fm-control-relaunch.Quj5CQ/gone-herdr-18870/home/state/rl68.git-hooks/pre-merge-commit: Permission denied
rm: /private/var/folders/41/64hrmnwx11q5lw3l9d7zmfgr0000gn/T/fm-control-relaunch.Quj5CQ/gone-herdr-18870/home/state/rl68.git-hooks/post-commit: Permission denied
rm: /private/var/folders/41/64hrmnwx11q5lw3l9d7zmfgr0000gn/T/fm-control-relaunch.Quj5CQ/gone-herdr-18870/home/state/rl68.git-hooks/sendemail-validate: Permission denied
rm: /private/var/folders/41/64hrmnwx11q5lw3l9d7zmfgr0000gn/T/fm-control-relaunch.Quj5CQ/gone-herdr-18870/home/state/rl68.git-hooks/applypatch-msg: Permission denied
rm: /private/var/folders/41/64hrmnwx11q5lw3l9d7zmfgr0000gn/T/fm-control-relaunch.Quj5CQ/gone-herdr-18870/home/state/rl68.git-hooks/prepare-commit-msg: Permission denied
rm: /private/var/folders/41/64hrmnwx11q5lw3l9d7zmfgr0000gn/T/fm-control-relaunch.Quj5CQ/gone-herdr-18870/home/state/rl68.git-hooks/post-checkout: Permission denied
rm: /private/var/folders/41/64hrmnwx11q5lw3l9d7zmfgr0000gn/T/fm-control-relaunch.Quj5CQ/gone-herdr-18870/home/state/rl68.git-hooks/post-applypatch: Permission denied
rm: /private/var/folders/41/64hrmnwx11q5lw3l9d7zmfgr0000gn/T/fm-control-relaunch.Quj5CQ/gone-herdr-18870/home/state/rl68.git-hooks/post-rewrite: Permission denied
rm: /private/var/folders/41/64hrmnwx11q5lw3l9d7zmfgr0000gn/T/fm-control-relaunch.Quj5CQ/gone-herdr-18870/home/state/rl68.git-hooks/commit-msg: Permission denied
rm: /private/var/folders/41/64hrmnwx11q5lw3l9d7zmfgr0000gn/T/fm-control-relaunch.Quj5CQ/gone-herdr-18870/home/state/rl68.git-hooks/pre-push: Permission denied
rm: /private/var/folders/41/64hrmnwx11q5lw3l9d7zmfgr0000gn/T/fm-control-relaunch.Quj5CQ/gone-herdr-18870/home/state/rl68.git-hooks/post-merge: Permission denied
rm: /private/var/folders/41/64hrmnwx11q5lw3l9d7zmfgr0000gn/T/fm-control-relaunch.Quj5CQ/gone-herdr-18870/home/state/rl68.git-hooks/pre-commit: Permission denied
rm: /private/var/folders/41/64hrmnwx11q5lw3l9d7zmfgr0000gn/T/fm-control-relaunch.Quj5CQ/gone-herdr-18870/home/state/rl68.git-hooks: Directory not empty
rm: /private/var/folders/41/64hrmnwx11q5lw3l9d7zmfgr0000gn/T/fm-control-relaunch.Quj5CQ/gone-herdr-18870/home/state: Directory not empty
rm: /private/var/folders/41/64hrmnwx11q5lw3l9d7zmfgr0000gn/T/fm-control-relaunch.Quj5CQ/gone-herdr-18870/home: Directory not empty
rm: /private/var/folders/41/64hrmnwx11q5lw3l9d7zmfgr0000gn/T/fm-control-relaunch.Quj5CQ/gone-herdr-18870: Directory not empty
rm: /private/var/folders/41/64hrmnwx11q5lw3l9d7zmfgr0000gn/T/fm-control-relaunch.Quj5CQ/gone-herdr-identity-21155/home/state/rl76.git-hooks/pre-rebase: Permission denied
rm: /private/var/folders/41/64hrmnwx11q5lw3l9d7zmfgr0000gn/T/fm-control-relaunch.Quj5CQ/gone-herdr-identity-21155/home/state/rl76.git-hooks/pre-applypatch: Permission denied
rm: /private/var/folders/41/64hrmnwx11q5lw3l9d7zmfgr0000gn/T/fm-control-relaunch.Quj5CQ/gone-herdr-identity-21155/home/state/rl76.git-hooks/pre-auto-gc: Permission denied
rm: /private/var/folders/41/64hrmnwx11q5lw3l9d7zmfgr0000gn/T/fm-control-relaunch.Quj5CQ/gone-herdr-identity-21155/home/state/rl76.git-hooks/pre-merge-commit: Permission denied
rm: /private/var/folders/41/64hrmnwx11q5lw3l9d7zmfgr0000gn/T/fm-control-relaunch.Quj5CQ/gone-herdr-identity-21155/home/state/rl76.git-hooks/post-commit: Permission denied
rm: /private/var/folders/41/64hrmnwx11q5lw3l9d7zmfgr0000gn/T/fm-control-relaunch.Quj5CQ/gone-herdr-identity-21155/home/state/rl76.git-hooks/sendemail-validate: Permission denied
rm: /private/var/folders/41/64hrmnwx11q5lw3l9d7zmfgr0000gn/T/fm-control-relaunch.Quj5CQ/gone-herdr-identity-21155/home/state/rl76.git-hooks/applypatch-msg: Permission denied
rm: /private/var/folders/41/64hrmnwx11q5lw3l9d7zmfgr0000gn/T/fm-control-relaunch.Quj5CQ/gone-herdr-identity-21155/home/state/rl76.git-hooks/prepare-commit-msg: Permission denied
rm: /private/var/folders/41/64hrmnwx11q5lw3l9d7zmfgr0000gn/T/fm-control-relaunch.Quj5CQ/gone-herdr-identity-21155/home/state/rl76.git-hooks/post-checkout: Permission denied
rm: /private/var/folders/41/64hrmnwx11q5lw3l9d7zmfgr0000gn/T/fm-control-relaunch.Quj5CQ/gone-herdr-identity-21155/home/state/rl76.git-hooks/post-applypatch: Permission denied
rm: /private/var/folders/41/64hrmnwx11q5lw3l9d7zmfgr0000gn/T/fm-control-relaunch.Quj5CQ/gone-herdr-identity-21155/home/state/rl76.git-hooks/post-rewrite: Permission denied
rm: /private/var/folders/41/64hrmnwx11q5lw3l9d7zmfgr0000gn/T/fm-control-relaunch.Quj5CQ/gone-herdr-identity-21155/home/state/rl76.git-hooks/commit-msg: Permission denied
rm: /private/var/folders/41/64hrmnwx11q5lw3l9d7zmfgr0000gn/T/fm-control-relaunch.Quj5CQ/gone-herdr-identity-21155/home/state/rl76.git-hooks/pre-push: Permission denied
rm: /private/var/folders/41/64hrmnwx11q5lw3l9d7zmfgr0000gn/T/fm-control-relaunch.Quj5CQ/gone-herdr-identity-21155/home/state/rl76.git-hooks/post-merge: Permission denied
rm: /private/var/folders/41/64hrmnwx11q5lw3l9d7zmfgr0000gn/T/fm-control-relaunch.Quj5CQ/gone-herdr-identity-21155/home/state/rl76.git-hooks/pre-commit: Permission denied
rm: /private/var/folders/41/64hrmnwx11q5lw3l9d7zmfgr0000gn/T/fm-control-relaunch.Quj5CQ/gone-herdr-identity-21155/home/state/rl76.git-hooks: Directory not empty
rm: /private/var/folders/41/64hrmnwx11q5lw3l9d7zmfgr0000gn/T/fm-control-relaunch.Quj5CQ/gone-herdr-identity-21155/home/state: Directory not empty
rm: /private/var/folders/41/64hrmnwx11q5lw3l9d7zmfgr0000gn/T/fm-control-relaunch.Quj5CQ/gone-herdr-identity-21155/home: Directory not empty
rm: /private/var/folders/41/64hrmnwx11q5lw3l9d7zmfgr0000gn/T/fm-control-relaunch.Quj5CQ/gone-herdr-identity-21155: Directory not empty
rm: /private/var/folders/41/64hrmnwx11q5lw3l9d7zmfgr0000gn/T/fm-control-relaunch.Quj5CQ/smexplicit-27227/home/state/sm4.git-hooks/pre-rebase: Permission denied
rm: /private/var/folders/41/64hrmnwx11q5lw3l9d7zmfgr0000gn/T/fm-control-relaunch.Quj5CQ/smexplicit-27227/home/state/sm4.git-hooks/pre-applypatch: Permission denied
rm: /private/var/folders/41/64hrmnwx11q5lw3l9d7zmfgr0000gn/T/fm-control-relaunch.Quj5CQ/smexplicit-27227/home/state/sm4.git-hooks/pre-auto-gc: Permission denied
rm: /private/var/folders/41/64hrmnwx11q5lw3l9d7zmfgr0000gn/T/fm-control-relaunch.Quj5CQ/smexplicit-27227/home/state/sm4.git-hooks/pre-merge-commit: Permission denied
rm: /private/var/folders/41/64hrmnwx11q5lw3l9d7zmfgr0000gn/T/fm-control-relaunch.Quj5CQ/smexplicit-27227/home/state/sm4.git-hooks/post-commit: Permission denied
rm: /private/var/folders/41/64hrmnwx11q5lw3l9d7zmfgr0000gn/T/fm-control-relaunch.Quj5CQ/smexplicit-27227/home/state/sm4.git-hooks/sendemail-validate: Permission denied
rm: /private/var/folders/41/64hrmnwx11q5lw3l9d7zmfgr0000gn/T/fm-control-relaunch.Quj5CQ/smexplicit-27227/home/state/sm4.git-hooks/applypatch-msg: Permission denied
rm: /private/var/folders/41/64hrmnwx11q5lw3l9d7zmfgr0000gn/T/fm-control-relaunch.Quj5CQ/smexplicit-27227/home/state/sm4.git-hooks/prepare-commit-msg: Permission denied
rm: /private/var/folders/41/64hrmnwx11q5lw3l9d7zmfgr0000gn/T/fm-control-relaunch.Quj5CQ/smexplicit-27227/home/state/sm4.git-hooks/post-checkout: Permission denied
rm: /private/var/folders/41/64hrmnwx11q5lw3l9d7zmfgr0000gn/T/fm-control-relaunch.Quj5CQ/smexplicit-27227/home/state/sm4.git-hooks/post-applypatch: Permission denied
rm: /private/var/folders/41/64hrmnwx11q5lw3l9d7zmfgr0000gn/T/fm-control-relaunch.Quj5CQ/smexplicit-27227/home/state/sm4.git-hooks/post-rewrite: Permission denied
rm: /private/var/folders/41/64hrmnwx11q5lw3l9d7zmfgr0000gn/T/fm-control-relaunch.Quj5CQ/smexplicit-27227/home/state/sm4.git-hooks/commit-msg: Permission denied
rm: /private/var/folders/41/64hrmnwx11q5lw3l9d7zmfgr0000gn/T/fm-control-relaunch.Quj5CQ/smexplicit-27227/home/state/sm4.git-hooks/pre-push: Permission denied
rm: /private/var/folders/41/64hrmnwx11q5lw3l9d7zmfgr0000gn/T/fm-control-relaunch.Quj5CQ/smexplicit-27227/home/state/sm4.git-hooks/post-merge: Permission denied
rm: /private/var/folders/41/64hrmnwx11q5lw3l9d7zmfgr0000gn/T/fm-control-relaunch.Quj5CQ/smexplicit-27227/home/state/sm4.git-hooks/pre-commit: Permission denied
rm: /private/var/folders/41/64hrmnwx11q5lw3l9d7zmfgr0000gn/T/fm-control-relaunch.Quj5CQ/smexplicit-27227/home/state/sm4.git-hooks: Directory not empty
rm: /private/var/folders/41/64hrmnwx11q5lw3l9d7zmfgr0000gn/T/fm-control-relaunch.Quj5CQ/smexplicit-27227/home/state: Directory not empty
rm: /private/var/folders/41/64hrmnwx11q5lw3l9d7zmfgr0000gn/T/fm-control-relaunch.Quj5CQ/smexplicit-27227/home: Directory not empty
rm: /private/var/folders/41/64hrmnwx11q5lw3l9d7zmfgr0000gn/T/fm-control-relaunch.Quj5CQ/smexplicit-27227: Directory not empty
rm: /private/var/folders/41/64hrmnwx11q5lw3l9d7zmfgr0000gn/T/fm-control-relaunch.Quj5CQ/journal-25809/home/state/rl14.git-hooks/pre-rebase: Permission denied
rm: /private/var/folders/41/64hrmnwx11q5lw3l9d7zmfgr0000gn/T/fm-control-relaunch.Quj5CQ/journal-25809/home/state/rl14.git-hooks/pre-applypatch: Permission denied
rm: /private/var/folders/41/64hrmnwx11q5lw3l9d7zmfgr0000gn/T/fm-control-relaunch.Quj5CQ/journal-25809/home/state/rl14.git-hooks/pre-auto-gc: Permission denied
rm: /private/var/folders/41/64hrmnwx11q5lw3l9d7zmfgr0000gn/T/fm-control-relaunch.Quj5CQ/journal-25809/home/state/rl14.git-hooks/pre-merge-commit: Permission denied
rm: /private/var/folders/41/64hrmnwx11q5lw3l9d7zmfgr0000gn/T/fm-control-relaunch.Quj5CQ/journal-25809/home/state/rl14.git-hooks/post-commit: Permission denied
rm: /private/var/folders/41/64hrmnwx11q5lw3l9d7zmfgr0000gn/T/fm-control-relaunch.Quj5CQ/journal-25809/home/state/rl14.git-hooks/sendemail-validate: Permission denied
rm: /private/var/folders/41/64hrmnwx11q5lw3l9d7zmfgr0000gn/T/fm-control-relaunch.Quj5CQ/journal-25809/home/state/rl14.git-hooks/applypatch-msg: Permission denied
rm: /private/var/folders/41/64hrmnwx11q5lw3l9d7zmfgr0000gn/T/fm-control-relaunch.Quj5CQ/journal-25809/home/state/rl14.git-hooks/prepare-commit-msg: Permission denied
rm: /private/var/folders/41/64hrmnwx11q5lw3l9d7zmfgr0000gn/T/fm-control-relaunch.Quj5CQ/journal-25809/home/state/rl14.git-hooks/post-checkout: Permission denied
rm: /private/var/folders/41/64hrmnwx11q5lw3l9d7zmfgr0000gn/T/fm-control-relaunch.Quj5CQ/journal-25809/home/state/rl14.git-hooks/post-applypatch: Permission denied
rm: /private/var/folders/41/64hrmnwx11q5lw3l9d7zmfgr0000gn/T/fm-control-relaunch.Quj5CQ/journal-25809/home/state/rl14.git-hooks/post-rewrite: Permission denied
rm: /private/var/folders/41/64hrmnwx11q5lw3l9d7zmfgr0000gn/T/fm-control-relaunch.Quj5CQ/journal-25809/home/state/rl14.git-hooks/commit-msg: Permission denied
rm: /private/var/folders/41/64hrmnwx11q5lw3l9d7zmfgr0000gn/T/fm-control-relaunch.Quj5CQ/journal-25809/home/state/rl14.git-hooks/pre-push: Permission denied
rm: /private/var/folders/41/64hrmnwx11q5lw3l9d7zmfgr0000gn/T/fm-control-relaunch.Quj5CQ/journal-25809/home/state/rl14.git-hooks/post-merge: Permission denied
rm: /private/var/folders/41/64hrmnwx11q5lw3l9d7zmfgr0000gn/T/fm-control-relaunch.Quj5CQ/journal-25809/home/state/rl14.git-hooks/pre-commit: Permission denied
rm: /private/var/folders/41/64hrmnwx11q5lw3l9d7zmfgr0000gn/T/fm-control-relaunch.Quj5CQ/journal-25809/home/state/rl14.git-hooks: Directory not empty
rm: /private/var/folders/41/64hrmnwx11q5lw3l9d7zmfgr0000gn/T/fm-control-relaunch.Quj5CQ/journal-25809/home/state: Directory not empty
rm: /private/var/folders/41/64hrmnwx11q5lw3l9d7zmfgr0000gn/T/fm-control-relaunch.Quj5CQ/journal-25809/home: Directory not empty
rm: /private/var/folders/41/64hrmnwx11q5lw3l9d7zmfgr0000gn/T/fm-control-relaunch.Quj5CQ/journal-25809: Directory not empty
rm: /private/var/folders/41/64hrmnwx11q5lw3l9d7zmfgr0000gn/T/fm-control-relaunch.Quj5CQ/explicit-25530/home/state/rl7.git-hooks/pre-rebase: Permission denied
rm: /private/var/folders/41/64hrmnwx11q5lw3l9d7zmfgr0000gn/T/fm-control-relaunch.Quj5CQ/explicit-25530/home/state/rl7.git-hooks/pre-applypatch: Permission denied
rm: /private/var/folders/41/64hrmnwx11q5lw3l9d7zmfgr0000gn/T/fm-control-relaunch.Quj5CQ/explicit-25530/home/state/rl7.git-hooks/pre-auto-gc: Permission denied
rm: /private/var/folders/41/64hrmnwx11q5lw3l9d7zmfgr0000gn/T/fm-control-relaunch.Quj5CQ/explicit-25530/home/state/rl7.git-hooks/pre-merge-commit: Permission denied
rm: /private/var/folders/41/64hrmnwx11q5lw3l9d7zmfgr0000gn/T/fm-control-relaunch.Quj5CQ/explicit-25530/home/state/rl7.git-hooks/post-commit: Permission denied
rm: /private/var/folders/41/64hrmnwx11q5lw3l9d7zmfgr0000gn/T/fm-control-relaunch.Quj5CQ/explicit-25530/home/state/rl7.git-hooks/sendemail-validate: Permission denied
rm: /private/var/folders/41/64hrmnwx11q5lw3l9d7zmfgr0000gn/T/fm-control-relaunch.Quj5CQ/explicit-25530/home/state/rl7.git-hooks/applypatch-msg: Permission denied
rm: /private/var/folders/41/64hrmnwx11q5lw3l9d7zmfgr0000gn/T/fm-control-relaunch.Quj5CQ/explicit-25530/home/state/rl7.git-hooks/prepare-commit-msg: Permission denied
rm: /private/var/folders/41/64hrmnwx11q5lw3l9d7zmfgr0000gn/T/fm-control-relaunch.Quj5CQ/explicit-25530/home/state/rl7.git-hooks/post-checkout: Permission denied
rm: /private/var/folders/41/64hrmnwx11q5lw3l9d7zmfgr0000gn/T/fm-control-relaunch.Quj5CQ/explicit-25530/home/state/rl7.git-hooks/post-applypatch: Permission denied
rm: /private/var/folders/41/64hrmnwx11q5lw3l9d7zmfgr0000gn/T/fm-control-relaunch.Quj5CQ/explicit-25530/home/state/rl7.git-hooks/post-rewrite: Permission denied
rm: /private/var/folders/41/64hrmnwx11q5lw3l9d7zmfgr0000gn/T/fm-control-relaunch.Quj5CQ/explicit-25530/home/state/rl7.git-hooks/commit-msg: Permission denied
rm: /private/var/folders/41/64hrmnwx11q5lw3l9d7zmfgr0000gn/T/fm-control-relaunch.Quj5CQ/explicit-25530/home/state/rl7.git-hooks/pre-push: Permission denied
rm: /private/var/folders/41/64hrmnwx11q5lw3l9d7zmfgr0000gn/T/fm-control-relaunch.Quj5CQ/explicit-25530/home/state/rl7.git-hooks/post-merge: Permission denied
rm: /private/var/folders/41/64hrmnwx11q5lw3l9d7zmfgr0000gn/T/fm-control-relaunch.Quj5CQ/explicit-25530/home/state/rl7.git-hooks/pre-commit: Permission denied
rm: /private/var/folders/41/64hrmnwx11q5lw3l9d7zmfgr0000gn/T/fm-control-relaunch.Quj5CQ/explicit-25530/home/state/rl7.git-hooks: Directory not empty
rm: /private/var/folders/41/64hrmnwx11q5lw3l9d7zmfgr0000gn/T/fm-control-relaunch.Quj5CQ/explicit-25530/home/state: Directory not empty
rm: /private/var/folders/41/64hrmnwx11q5lw3l9d7zmfgr0000gn/T/fm-control-relaunch.Quj5CQ/explicit-25530/home: Directory not empty
rm: /private/var/folders/41/64hrmnwx11q5lw3l9d7zmfgr0000gn/T/fm-control-relaunch.Quj5CQ/explicit-25530: Directory not empty
rm: /private/var/folders/41/64hrmnwx11q5lw3l9d7zmfgr0000gn/T/fm-control-relaunch.Quj5CQ/prefixcontrol-31946/home/state/rl32.git-hooks/pre-rebase: Permission denied
rm: /private/var/folders/41/64hrmnwx11q5lw3l9d7zmfgr0000gn/T/fm-control-relaunch.Quj5CQ/prefixcontrol-31946/home/state/rl32.git-hooks/pre-applypatch: Permission denied
rm: /private/var/folders/41/64hrmnwx11q5lw3l9d7zmfgr0000gn/T/fm-control-relaunch.Quj5CQ/prefixcontrol-31946/home/state/rl32.git-hooks/pre-auto-gc: Permission denied
rm: /private/var/folders/41/64hrmnwx11q5lw3l9d7zmfgr0000gn/T/fm-control-relaunch.Quj5CQ/prefixcontrol-31946/home/state/rl32.git-hooks/pre-merge-commit: Permission denied
rm: /private/var/folders/41/64hrmnwx11q5lw3l9d7zmfgr0000gn/T/fm-control-relaunch.Quj5CQ/prefixcontrol-31946/home/state/rl32.git-hooks/post-commit: Permission denied
rm: /private/var/folders/41/64hrmnwx11q5lw3l9d7zmfgr0000gn/T/fm-control-relaunch.Quj5CQ/prefixcontrol-31946/home/state/rl32.git-hooks/sendemail-validate: Permission denied
rm: /private/var/folders/41/64hrmnwx11q5lw3l9d7zmfgr0000gn/T/fm-control-relaunch.Quj5CQ/prefixcontrol-31946/home/state/rl32.git-hooks/applypatch-msg: Permission denied
rm: /private/var/folders/41/64hrmnwx11q5lw3l9d7zmfgr0000gn/T/fm-control-relaunch.Quj5CQ/prefixcontrol-31946/home/state/rl32.git-hooks/prepare-commit-msg: Permission denied
rm: /private/var/folders/41/64hrmnwx11q5lw3l9d7zmfgr0000gn/T/fm-control-relaunch.Quj5CQ/prefixcontrol-31946/home/state/rl32.git-hooks/post-checkout: Permission denied
rm: /private/var/folders/41/64hrmnwx11q5lw3l9d7zmfgr0000gn/T/fm-control-relaunch.Quj5CQ/prefixcontrol-31946/home/state/rl32.git-hooks/post-applypatch: Permission denied
rm: /private/var/folders/41/64hrmnwx11q5lw3l9d7zmfgr0000gn/T/fm-control-relaunch.Quj5CQ/prefixcontrol-31946/home/state/rl32.git-hooks/post-rewrite: Permission denied
rm: /private/var/folders/41/64hrmnwx11q5lw3l9d7zmfgr0000gn/T/fm-control-relaunch.Quj5CQ/prefixcontrol-31946/home/state/rl32.git-hooks/commit-msg: Permission denied
rm: /private/var/folders/41/64hrmnwx11q5lw3l9d7zmfgr0000gn/T/fm-control-relaunch.Quj5CQ/prefixcontrol-31946/home/state/rl32.git-hooks/pre-push: Permission denied
rm: /private/var/folders/41/64hrmnwx11q5lw3l9d7zmfgr0000gn/T/fm-control-relaunch.Quj5CQ/prefixcontrol-31946/home/state/rl32.git-hooks/post-merge: Permission denied
rm: /private/var/folders/41/64hrmnwx11q5lw3l9d7zmfgr0000gn/T/fm-control-relaunch.Quj5CQ/prefixcontrol-31946/home/state/rl32.git-hooks/pre-commit: Permission denied
rm: /private/var/folders/41/64hrmnwx11q5lw3l9d7zmfgr0000gn/T/fm-control-relaunch.Quj5CQ/prefixcontrol-31946/home/state/rl32.git-hooks: Directory not empty
rm: /private/var/folders/41/64hrmnwx11q5lw3l9d7zmfgr0000gn/T/fm-control-relaunch.Quj5CQ/prefixcontrol-31946/home/state: Directory not empty
rm: /private/var/folders/41/64hrmnwx11q5lw3l9d7zmfgr0000gn/T/fm-control-relaunch.Quj5CQ/prefixcontrol-31946/home: Directory not empty
rm: /private/var/folders/41/64hrmnwx11q5lw3l9d7zmfgr0000gn/T/fm-control-relaunch.Quj5CQ/prefixcontrol-31946: Directory not empty
rm: /private/var/folders/41/64hrmnwx11q5lw3l9d7zmfgr0000gn/T/fm-control-relaunch.Quj5CQ/published-3523/home/state/rl24.git-hooks/pre-rebase: Permission denied
rm: /private/var/folders/41/64hrmnwx11q5lw3l9d7zmfgr0000gn/T/fm-control-relaunch.Quj5CQ/published-3523/home/state/rl24.git-hooks/pre-applypatch: Permission denied
rm: /private/var/folders/41/64hrmnwx11q5lw3l9d7zmfgr0000gn/T/fm-control-relaunch.Quj5CQ/published-3523/home/state/rl24.git-hooks/pre-auto-gc: Permission denied
rm: /private/var/folders/41/64hrmnwx11q5lw3l9d7zmfgr0000gn/T/fm-control-relaunch.Quj5CQ/published-3523/home/state/rl24.git-hooks/pre-merge-commit: Permission denied
rm: /private/var/folders/41/64hrmnwx11q5lw3l9d7zmfgr0000gn/T/fm-control-relaunch.Quj5CQ/published-3523/home/state/rl24.git-hooks/post-commit: Permission denied
rm: /private/var/folders/41/64hrmnwx11q5lw3l9d7zmfgr0000gn/T/fm-control-relaunch.Quj5CQ/published-3523/home/state/rl24.git-hooks/sendemail-validate: Permission denied
rm: /private/var/folders/41/64hrmnwx11q5lw3l9d7zmfgr0000gn/T/fm-control-relaunch.Quj5CQ/published-3523/home/state/rl24.git-hooks/applypatch-msg: Permission denied
rm: /private/var/folders/41/64hrmnwx11q5lw3l9d7zmfgr0000gn/T/fm-control-relaunch.Quj5CQ/published-3523/home/state/rl24.git-hooks/prepare-commit-msg: Permission denied
rm: /private/var/folders/41/64hrmnwx11q5lw3l9d7zmfgr0000gn/T/fm-control-relaunch.Quj5CQ/published-3523/home/state/rl24.git-hooks/post-checkout: Permission denied
rm: /private/var/folders/41/64hrmnwx11q5lw3l9d7zmfgr0000gn/T/fm-control-relaunch.Quj5CQ/published-3523/home/state/rl24.git-hooks/post-applypatch: Permission denied
rm: /private/var/folders/41/64hrmnwx11q5lw3l9d7zmfgr0000gn/T/fm-control-relaunch.Quj5CQ/published-3523/home/state/rl24.git-hooks/post-rewrite: Permission denied
rm: /private/var/folders/41/64hrmnwx11q5lw3l9d7zmfgr0000gn/T/fm-control-relaunch.Quj5CQ/published-3523/home/state/rl24.git-hooks/commit-msg: Permission denied
rm: /private/var/folders/41/64hrmnwx11q5lw3l9d7zmfgr0000gn/T/fm-control-relaunch.Quj5CQ/published-3523/home/state/rl24.git-hooks/pre-push: Permission denied
rm: /private/var/folders/41/64hrmnwx11q5lw3l9d7zmfgr0000gn/T/fm-control-relaunch.Quj5CQ/published-3523/home/state/rl24.git-hooks/post-merge: Permission denied
rm: /private/var/folders/41/64hrmnwx11q5lw3l9d7zmfgr0000gn/T/fm-control-relaunch.Quj5CQ/published-3523/home/state/rl24.git-hooks/pre-commit: Permission denied
rm: /private/var/folders/41/64hrmnwx11q5lw3l9d7zmfgr0000gn/T/fm-control-relaunch.Quj5CQ/published-3523/home/state/rl24.git-hooks: Directory not empty
rm: /private/var/folders/41/64hrmnwx11q5lw3l9d7zmfgr0000gn/T/fm-control-relaunch.Quj5CQ/published-3523/home/state: Directory not empty
rm: /private/var/folders/41/64hrmnwx11q5lw3l9d7zmfgr0000gn/T/fm-control-relaunch.Quj5CQ/published-3523/home: Directory not empty
rm: /private/var/folders/41/64hrmnwx11q5lw3l9d7zmfgr0000gn/T/fm-control-relaunch.Quj5CQ/published-3523: Directory not empty
rm: /private/var/folders/41/64hrmnwx11q5lw3l9d7zmfgr0000gn/T/fm-control-relaunch.Quj5CQ/smfindrace-29312/home/state/sm6.git-hooks/pre-rebase: Permission denied
rm: /private/var/folders/41/64hrmnwx11q5lw3l9d7zmfgr0000gn/T/fm-control-relaunch.Quj5CQ/smfindrace-29312/home/state/sm6.git-hooks/pre-applypatch: Permission denied
rm: /private/var/folders/41/64hrmnwx11q5lw3l9d7zmfgr0000gn/T/fm-control-relaunch.Quj5CQ/smfindrace-29312/home/state/sm6.git-hooks/pre-auto-gc: Permission denied
rm: /private/var/folders/41/64hrmnwx11q5lw3l9d7zmfgr0000gn/T/fm-control-relaunch.Quj5CQ/smfindrace-29312/home/state/sm6.git-hooks/pre-merge-commit: Permission denied
rm: /private/var/folders/41/64hrmnwx11q5lw3l9d7zmfgr0000gn/T/fm-control-relaunch.Quj5CQ/smfindrace-29312/home/state/sm6.git-hooks/post-commit: Permission denied
rm: /private/var/folders/41/64hrmnwx11q5lw3l9d7zmfgr0000gn/T/fm-control-relaunch.Quj5CQ/smfindrace-29312/home/state/sm6.git-hooks/sendemail-validate: Permission denied
rm: /private/var/folders/41/64hrmnwx11q5lw3l9d7zmfgr0000gn/T/fm-control-relaunch.Quj5CQ/smfindrace-29312/home/state/sm6.git-hooks/applypatch-msg: Permission denied
rm: /private/var/folders/41/64hrmnwx11q5lw3l9d7zmfgr0000gn/T/fm-control-relaunch.Quj5CQ/smfindrace-29312/home/state/sm6.git-hooks/prepare-commit-msg: Permission denied
rm: /private/var/folders/41/64hrmnwx11q5lw3l9d7zmfgr0000gn/T/fm-control-relaunch.Quj5CQ/smfindrace-29312/home/state/sm6.git-hooks/post-checkout: Permission denied
rm: /private/var/folders/41/64hrmnwx11q5lw3l9d7zmfgr0000gn/T/fm-control-relaunch.Quj5CQ/smfindrace-29312/home/state/sm6.git-hooks/post-applypatch: Permission denied
rm: /private/var/folders/41/64hrmnwx11q5lw3l9d7zmfgr0000gn/T/fm-control-relaunch.Quj5CQ/smfindrace-29312/home/state/sm6.git-hooks/post-rewrite: Permission denied
rm: /private/var/folders/41/64hrmnwx11q5lw3l9d7zmfgr0000gn/T/fm-control-relaunch.Quj5CQ/smfindrace-29312/home/state/sm6.git-hooks/commit-msg: Permission denied
rm: /private/var/folders/41/64hrmnwx11q5lw3l9d7zmfgr0000gn/T/fm-control-relaunch.Quj5CQ/smfindrace-29312/home/state/sm6.git-hooks/pre-push: Permission denied
rm: /private/var/folders/41/64hrmnwx11q5lw3l9d7zmfgr0000gn/T/fm-control-relaunch.Quj5CQ/smfindrace-29312/home/state/sm6.git-hooks/post-merge: Permission denied
rm: /private/var/folders/41/64hrmnwx11q5lw3l9d7zmfgr0000gn/T/fm-control-relaunch.Quj5CQ/smfindrace-29312/home/state/sm6.git-hooks/pre-commit: Permission denied
rm: /private/var/folders/41/64hrmnwx11q5lw3l9d7zmfgr0000gn/T/fm-control-relaunch.Quj5CQ/smfindrace-29312/home/state/sm6.git-hooks: Directory not empty
rm: /private/var/folders/41/64hrmnwx11q5lw3l9d7zmfgr0000gn/T/fm-control-relaunch.Quj5CQ/smfindrace-29312/home/state: Directory not empty
rm: /private/var/folders/41/64hrmnwx11q5lw3l9d7zmfgr0000gn/T/fm-control-relaunch.Quj5CQ/smfindrace-29312/home: Directory not empty
rm: /private/var/folders/41/64hrmnwx11q5lw3l9d7zmfgr0000gn/T/fm-control-relaunch.Quj5CQ/smfindrace-29312: Directory not empty
rm: /private/var/folders/41/64hrmnwx11q5lw3l9d7zmfgr0000gn/T/fm-control-relaunch.Quj5CQ/promoted-scout-local-only-23968/home/state/rl-promoted-local-only.git-hooks/pre-rebase: Permission denied
rm: /private/var/folders/41/64hrmnwx11q5lw3l9d7zmfgr0000gn/T/fm-control-relaunch.Quj5CQ/promoted-scout-local-only-23968/home/state/rl-promoted-local-only.git-hooks/pre-applypatch: Permission denied
rm: /private/var/folders/41/64hrmnwx11q5lw3l9d7zmfgr0000gn/T/fm-control-relaunch.Quj5CQ/promoted-scout-local-only-23968/home/state/rl-promoted-local-only.git-hooks/pre-auto-gc: Permission denied
rm: /private/var/folders/41/64hrmnwx11q5lw3l9d7zmfgr0000gn/T/fm-control-relaunch.Quj5CQ/promoted-scout-local-only-23968/home/state/rl-promoted-local-only.git-hooks/pre-merge-commit: Permission denied
rm: /private/var/folders/41/64hrmnwx11q5lw3l9d7zmfgr0000gn/T/fm-control-relaunch.Quj5CQ/promoted-scout-local-only-23968/home/state/rl-promoted-local-only.git-hooks/post-commit: Permission denied
rm: /private/var/folders/41/64hrmnwx11q5lw3l9d7zmfgr0000gn/T/fm-control-relaunch.Quj5CQ/promoted-scout-local-only-23968/home/state/rl-promoted-local-only.git-hooks/sendemail-validate: Permission denied
rm: /private/var/folders/41/64hrmnwx11q5lw3l9d7zmfgr0000gn/T/fm-control-relaunch.Quj5CQ/promoted-scout-local-only-23968/home/state/rl-promoted-local-only.git-hooks/applypatch-msg: Permission denied
rm: /private/var/folders/41/64hrmnwx11q5lw3l9d7zmfgr0000gn/T/fm-control-relaunch.Quj5CQ/promoted-scout-local-only-23968/home/state/rl-promoted-local-only.git-hooks/prepare-commit-msg: Permission denied
rm: /private/var/folders/41/64hrmnwx11q5lw3l9d7zmfgr0000gn/T/fm-control-relaunch.Quj5CQ/promoted-scout-local-only-23968/home/state/rl-promoted-local-only.git-hooks/post-checkout: Permission denied
rm: /private/var/folders/41/64hrmnwx11q5lw3l9d7zmfgr0000gn/T/fm-control-relaunch.Quj5CQ/promoted-scout-local-only-23968/home/state/rl-promoted-local-only.git-hooks/post-applypatch: Permission denied
rm: /private/var/folders/41/64hrmnwx11q5lw3l9d7zmfgr0000gn/T/fm-control-relaunch.Quj5CQ/promoted-scout-local-only-23968/home/state/rl-promoted-local-only.git-hooks/post-rewrite: Permission denied
rm: /private/var/folders/41/64hrmnwx11q5lw3l9d7zmfgr0000gn/T/fm-control-relaunch.Quj5CQ/promoted-scout-local-only-23968/home/state/rl-promoted-local-only.git-hooks/commit-msg: Permission denied
rm: /private/var/folders/41/64hrmnwx11q5lw3l9d7zmfgr0000gn/T/fm-control-relaunch.Quj5CQ/promoted-scout-local-only-23968/home/state/rl-promoted-local-only.git-hooks/pre-push: Permission denied
rm: /private/var/folders/41/64hrmnwx11q5lw3l9d7zmfgr0000gn/T/fm-control-relaunch.Quj5CQ/promoted-scout-local-only-23968/home/state/rl-promoted-local-only.git-hooks/post-merge: Permission denied
rm: /private/var/folders/41/64hrmnwx11q5lw3l9d7zmfgr0000gn/T/fm-control-relaunch.Quj5CQ/promoted-scout-local-only-23968/home/state/rl-promoted-local-only.git-hooks/pre-commit: Permission denied
rm: /private/var/folders/41/64hrmnwx11q5lw3l9d7zmfgr0000gn/T/fm-control-relaunch.Quj5CQ/promoted-scout-local-only-23968/home/state/rl-promoted-local-only.git-hooks: Directory not empty
rm: /private/var/folders/41/64hrmnwx11q5lw3l9d7zmfgr0000gn/T/fm-control-relaunch.Quj5CQ/promoted-scout-local-only-23968/home/state: Directory not empty
rm: /private/var/folders/41/64hrmnwx11q5lw3l9d7zmfgr0000gn/T/fm-control-relaunch.Quj5CQ/promoted-scout-local-only-23968/home: Directory not empty
rm: /private/var/folders/41/64hrmnwx11q5lw3l9d7zmfgr0000gn/T/fm-control-relaunch.Quj5CQ/promoted-scout-local-only-23968: Directory not empty
rm: /private/var/folders/41/64hrmnwx11q5lw3l9d7zmfgr0000gn/T/fm-control-relaunch.Quj5CQ/keepprofile-4021/home/state/rl6.git-hooks/pre-rebase: Permission denied
rm: /private/var/folders/41/64hrmnwx11q5lw3l9d7zmfgr0000gn/T/fm-control-relaunch.Quj5CQ/keepprofile-4021/home/state/rl6.git-hooks/pre-applypatch: Permission denied
rm: /private/var/folders/41/64hrmnwx11q5lw3l9d7zmfgr0000gn/T/fm-control-relaunch.Quj5CQ/keepprofile-4021/home/state/rl6.git-hooks/pre-auto-gc: Permission denied
rm: /private/var/folders/41/64hrmnwx11q5lw3l9d7zmfgr0000gn/T/fm-control-relaunch.Quj5CQ/keepprofile-4021/home/state/rl6.git-hooks/pre-merge-commit: Permission denied
rm: /private/var/folders/41/64hrmnwx11q5lw3l9d7zmfgr0000gn/T/fm-control-relaunch.Quj5CQ/keepprofile-4021/home/state/rl6.git-hooks/post-commit: Permission denied
rm: /private/var/folders/41/64hrmnwx11q5lw3l9d7zmfgr0000gn/T/fm-control-relaunch.Quj5CQ/keepprofile-4021/home/state/rl6.git-hooks/sendemail-validate: Permission denied
rm: /private/var/folders/41/64hrmnwx11q5lw3l9d7zmfgr0000gn/T/fm-control-relaunch.Quj5CQ/keepprofile-4021/home/state/rl6.git-hooks/applypatch-msg: Permission denied
rm: /private/var/folders/41/64hrmnwx11q5lw3l9d7zmfgr0000gn/T/fm-control-relaunch.Quj5CQ/keepprofile-4021/home/state/rl6.git-hooks/prepare-commit-msg: Permission denied
rm: /private/var/folders/41/64hrmnwx11q5lw3l9d7zmfgr0000gn/T/fm-control-relaunch.Quj5CQ/keepprofile-4021/home/state/rl6.git-hooks/post-checkout: Permission denied
rm: /private/var/folders/41/64hrmnwx11q5lw3l9d7zmfgr0000gn/T/fm-control-relaunch.Quj5CQ/keepprofile-4021/home/state/rl6.git-hooks/post-applypatch: Permission denied
rm: /private/var/folders/41/64hrmnwx11q5lw3l9d7zmfgr0000gn/T/fm-control-relaunch.Quj5CQ/keepprofile-4021/home/state/rl6.git-hooks/post-rewrite: Permission denied
rm: /private/var/folders/41/64hrmnwx11q5lw3l9d7zmfgr0000gn/T/fm-control-relaunch.Quj5CQ/keepprofile-4021/home/state/rl6.git-hooks/commit-msg: Permission denied
rm: /private/var/folders/41/64hrmnwx11q5lw3l9d7zmfgr0000gn/T/fm-control-relaunch.Quj5CQ/keepprofile-4021/home/state/rl6.git-hooks/pre-push: Permission denied
rm: /private/var/folders/41/64hrmnwx11q5lw3l9d7zmfgr0000gn/T/fm-control-relaunch.Quj5CQ/keepprofile-4021/home/state/rl6.git-hooks/post-merge: Permission denied
rm: /private/var/folders/41/64hrmnwx11q5lw3l9d7zmfgr0000gn/T/fm-control-relaunch.Quj5CQ/keepprofile-4021/home/state/rl6.git-hooks/pre-commit: Permission denied
rm: /private/var/folders/41/64hrmnwx11q5lw3l9d7zmfgr0000gn/T/fm-control-relaunch.Quj5CQ/keepprofile-4021/home/state/rl6.git-hooks: Directory not empty
rm: /private/var/folders/41/64hrmnwx11q5lw3l9d7zmfgr0000gn/T/fm-control-relaunch.Quj5CQ/keepprofile-4021/home/state: Directory not empty
rm: /private/var/folders/41/64hrmnwx11q5lw3l9d7zmfgr0000gn/T/fm-control-relaunch.Quj5CQ/keepprofile-4021/home: Directory not empty
rm: /private/var/folders/41/64hrmnwx11q5lw3l9d7zmfgr0000gn/T/fm-control-relaunch.Quj5CQ/keepprofile-4021: Directory not empty
rm: /private/var/folders/41/64hrmnwx11q5lw3l9d7zmfgr0000gn/T/fm-control-relaunch.Quj5CQ/acct-11616/home/state/rl-acct.git-hooks/pre-rebase: Permission denied
rm: /private/var/folders/41/64hrmnwx11q5lw3l9d7zmfgr0000gn/T/fm-control-relaunch.Quj5CQ/acct-11616/home/state/rl-acct.git-hooks/pre-applypatch: Permission denied
rm: /private/var/folders/41/64hrmnwx11q5lw3l9d7zmfgr0000gn/T/fm-control-relaunch.Quj5CQ/acct-11616/home/state/rl-acct.git-hooks/pre-auto-gc: Permission denied
rm: /private/var/folders/41/64hrmnwx11q5lw3l9d7zmfgr0000gn/T/fm-control-relaunch.Quj5CQ/acct-11616/home/state/rl-acct.git-hooks/pre-merge-commit: Permission denied
rm: /private/var/folders/41/64hrmnwx11q5lw3l9d7zmfgr0000gn/T/fm-control-relaunch.Quj5CQ/acct-11616/home/state/rl-acct.git-hooks/post-commit: Permission denied
rm: /private/var/folders/41/64hrmnwx11q5lw3l9d7zmfgr0000gn/T/fm-control-relaunch.Quj5CQ/acct-11616/home/state/rl-acct.git-hooks/sendemail-validate: Permission denied
rm: /private/var/folders/41/64hrmnwx11q5lw3l9d7zmfgr0000gn/T/fm-control-relaunch.Quj5CQ/acct-11616/home/state/rl-acct.git-hooks/applypatch-msg: Permission denied
rm: /private/var/folders/41/64hrmnwx11q5lw3l9d7zmfgr0000gn/T/fm-control-relaunch.Quj5CQ/acct-11616/home/state/rl-acct.git-hooks/prepare-commit-msg: Permission denied
rm: /private/var/folders/41/64hrmnwx11q5lw3l9d7zmfgr0000gn/T/fm-control-relaunch.Quj5CQ/acct-11616/home/state/rl-acct.git-hooks/post-checkout: Permission denied
rm: /private/var/folders/41/64hrmnwx11q5lw3l9d7zmfgr0000gn/T/fm-control-relaunch.Quj5CQ/acct-11616/home/state/rl-acct.git-hooks/post-applypatch: Permission denied
rm: /private/var/folders/41/64hrmnwx11q5lw3l9d7zmfgr0000gn/T/fm-control-relaunch.Quj5CQ/acct-11616/home/state/rl-acct.git-hooks/post-rewrite: Permission denied
rm: /private/var/folders/41/64hrmnwx11q5lw3l9d7zmfgr0000gn/T/fm-control-relaunch.Quj5CQ/acct-11616/home/state/rl-acct.git-hooks/commit-msg: Permission denied
rm: /private/var/folders/41/64hrmnwx11q5lw3l9d7zmfgr0000gn/T/fm-control-relaunch.Quj5CQ/acct-11616/home/state/rl-acct.git-hooks/pre-push: Permission denied
rm: /private/var/folders/41/64hrmnwx11q5lw3l9d7zmfgr0000gn/T/fm-control-relaunch.Quj5CQ/acct-11616/home/state/rl-acct.git-hooks/post-merge: Permission denied
rm: /private/var/folders/41/64hrmnwx11q5lw3l9d7zmfgr0000gn/T/fm-control-relaunch.Quj5CQ/acct-11616/home/state/rl-acct.git-hooks/pre-commit: Permission denied
rm: /private/var/folders/41/64hrmnwx11q5lw3l9d7zmfgr0000gn/T/fm-control-relaunch.Quj5CQ/acct-11616/home/state/rl-acct.git-hooks: Directory not empty
rm: /private/var/folders/41/64hrmnwx11q5lw3l9d7zmfgr0000gn/T/fm-control-relaunch.Quj5CQ/acct-11616/home/state: Directory not empty
rm: /private/var/folders/41/64hrmnwx11q5lw3l9d7zmfgr0000gn/T/fm-control-relaunch.Quj5CQ/acct-11616/home: Directory not empty
rm: /private/var/folders/41/64hrmnwx11q5lw3l9d7zmfgr0000gn/T/fm-control-relaunch.Quj5CQ/acct-11616: Directory not empty
rm: /private/var/folders/41/64hrmnwx11q5lw3l9d7zmfgr0000gn/T/fm-control-relaunch.Quj5CQ/promoted-scout-direct-PR-14242/home/state/rl-promoted-direct-PR.git-hooks/pre-rebase: Permission denied
rm: /private/var/folders/41/64hrmnwx11q5lw3l9d7zmfgr0000gn/T/fm-control-relaunch.Quj5CQ/promoted-scout-direct-PR-14242/home/state/rl-promoted-direct-PR.git-hooks/pre-applypatch: Permission denied
rm: /private/var/folders/41/64hrmnwx11q5lw3l9d7zmfgr0000gn/T/fm-control-relaunch.Quj5CQ/promoted-scout-direct-PR-14242/home/state/rl-promoted-direct-PR.git-hooks/pre-auto-gc: Permission denied
rm: /private/var/folders/41/64hrmnwx11q5lw3l9d7zmfgr0000gn/T/fm-control-relaunch.Quj5CQ/promoted-scout-direct-PR-14242/home/state/rl-promoted-direct-PR.git-hooks/pre-merge-commit: Permission denied
rm: /private/var/folders/41/64hrmnwx11q5lw3l9d7zmfgr0000gn/T/fm-control-relaunch.Quj5CQ/promoted-scout-direct-PR-14242/home/state/rl-promoted-direct-PR.git-hooks/post-commit: Permission denied
rm: /private/var/folders/41/64hrmnwx11q5lw3l9d7zmfgr0000gn/T/fm-control-relaunch.Quj5CQ/promoted-scout-direct-PR-14242/home/state/rl-promoted-direct-PR.git-hooks/sendemail-validate: Permission denied
rm: /private/var/folders/41/64hrmnwx11q5lw3l9d7zmfgr0000gn/T/fm-control-relaunch.Quj5CQ/promoted-scout-direct-PR-14242/home/state/rl-promoted-direct-PR.git-hooks/applypatch-msg: Permission denied
rm: /private/var/folders/41/64hrmnwx11q5lw3l9d7zmfgr0000gn/T/fm-control-relaunch.Quj5CQ/promoted-scout-direct-PR-14242/home/state/rl-promoted-direct-PR.git-hooks/prepare-commit-msg: Permission denied
rm: /private/var/folders/41/64hrmnwx11q5lw3l9d7zmfgr0000gn/T/fm-control-relaunch.Quj5CQ/promoted-scout-direct-PR-14242/home/state/rl-promoted-direct-PR.git-hooks/post-checkout: Permission denied
rm: /private/var/folders/41/64hrmnwx11q5lw3l9d7zmfgr0000gn/T/fm-control-relaunch.Quj5CQ/promoted-scout-direct-PR-14242/home/state/rl-promoted-direct-PR.git-hooks/post-applypatch: Permission denied
rm: /private/var/folders/41/64hrmnwx11q5lw3l9d7zmfgr0000gn/T/fm-control-relaunch.Quj5CQ/promoted-scout-direct-PR-14242/home/state/rl-promoted-direct-PR.git-hooks/post-rewrite: Permission denied
rm: /private/var/folders/41/64hrmnwx11q5lw3l9d7zmfgr0000gn/T/fm-control-relaunch.Quj5CQ/promoted-scout-direct-PR-14242/home/state/rl-promoted-direct-PR.git-hooks/commit-msg: Permission denied
rm: /private/var/folders/41/64hrmnwx11q5lw3l9d7zmfgr0000gn/T/fm-control-relaunch.Quj5CQ/promoted-scout-direct-PR-14242/home/state/rl-promoted-direct-PR.git-hooks/pre-push: Permission denied
rm: /private/var/folders/41/64hrmnwx11q5lw3l9d7zmfgr0000gn/T/fm-control-relaunch.Quj5CQ/promoted-scout-direct-PR-14242/home/state/rl-promoted-direct-PR.git-hooks/post-merge: Permission denied
rm: /private/var/folders/41/64hrmnwx11q5lw3l9d7zmfgr0000gn/T/fm-control-relaunch.Quj5CQ/promoted-scout-direct-PR-14242/home/state/rl-promoted-direct-PR.git-hooks/pre-commit: Permission denied
rm: /private/var/folders/41/64hrmnwx11q5lw3l9d7zmfgr0000gn/T/fm-control-relaunch.Quj5CQ/promoted-scout-direct-PR-14242/home/state/rl-promoted-direct-PR.git-hooks: Directory not empty
rm: /private/var/folders/41/64hrmnwx11q5lw3l9d7zmfgr0000gn/T/fm-control-relaunch.Quj5CQ/promoted-scout-direct-PR-14242/home/state: Directory not empty
rm: /private/var/folders/41/64hrmnwx11q5lw3l9d7zmfgr0000gn/T/fm-control-relaunch.Quj5CQ/promoted-scout-direct-PR-14242/home: Directory not empty
rm: /private/var/folders/41/64hrmnwx11q5lw3l9d7zmfgr0000gn/T/fm-control-relaunch.Quj5CQ/promoted-scout-direct-PR-14242: Directory not empty
rm: /private/var/folders/41/64hrmnwx11q5lw3l9d7zmfgr0000gn/T/fm-control-relaunch.Quj5CQ/spawnharness-19051/home/state/rl21.git-hooks/pre-rebase: Permission denied
rm: /private/var/folders/41/64hrmnwx11q5lw3l9d7zmfgr0000gn/T/fm-control-relaunch.Quj5CQ/spawnharness-19051/home/state/rl21.git-hooks/pre-applypatch: Permission denied
rm: /private/var/folders/41/64hrmnwx11q5lw3l9d7zmfgr0000gn/T/fm-control-relaunch.Quj5CQ/spawnharness-19051/home/state/rl21.git-hooks/pre-auto-gc: Permission denied
rm: /private/var/folders/41/64hrmnwx11q5lw3l9d7zmfgr0000gn/T/fm-control-relaunch.Quj5CQ/spawnharness-19051/home/state/rl21.git-hooks/pre-merge-commit: Permission denied
rm: /private/var/folders/41/64hrmnwx11q5lw3l9d7zmfgr0000gn/T/fm-control-relaunch.Quj5CQ/spawnharness-19051/home/state/rl21.git-hooks/post-commit: Permission denied
rm: /private/var/folders/41/64hrmnwx11q5lw3l9d7zmfgr0000gn/T/fm-control-relaunch.Quj5CQ/spawnharness-19051/home/state/rl21.git-hooks/sendemail-validate: Permission denied
rm: /private/var/folders/41/64hrmnwx11q5lw3l9d7zmfgr0000gn/T/fm-control-relaunch.Quj5CQ/spawnharness-19051/home/state/rl21.git-hooks/applypatch-msg: Permission denied
rm: /private/var/folders/41/64hrmnwx11q5lw3l9d7zmfgr0000gn/T/fm-control-relaunch.Quj5CQ/spawnharness-19051/home/state/rl21.git-hooks/prepare-commit-msg: Permission denied
rm: /private/var/folders/41/64hrmnwx11q5lw3l9d7zmfgr0000gn/T/fm-control-relaunch.Quj5CQ/spawnharness-19051/home/state/rl21.git-hooks/post-checkout: Permission denied
rm: /private/var/folders/41/64hrmnwx11q5lw3l9d7zmfgr0000gn/T/fm-control-relaunch.Quj5CQ/spawnharness-19051/home/state/rl21.git-hooks/post-applypatch: Permission denied
rm: /private/var/folders/41/64hrmnwx11q5lw3l9d7zmfgr0000gn/T/fm-control-relaunch.Quj5CQ/spawnharness-19051/home/state/rl21.git-hooks/post-rewrite: Permission denied
rm: /private/var/folders/41/64hrmnwx11q5lw3l9d7zmfgr0000gn/T/fm-control-relaunch.Quj5CQ/spawnharness-19051/home/state/rl21.git-hooks/commit-msg: Permission denied
rm: /private/var/folders/41/64hrmnwx11q5lw3l9d7zmfgr0000gn/T/fm-control-relaunch.Quj5CQ/spawnharness-19051/home/state/rl21.git-hooks/pre-push: Permission denied
rm: /private/var/folders/41/64hrmnwx11q5lw3l9d7zmfgr0000gn/T/fm-control-relaunch.Quj5CQ/spawnharness-19051/home/state/rl21.git-hooks/post-merge: Permission denied
rm: /private/var/folders/41/64hrmnwx11q5lw3l9d7zmfgr0000gn/T/fm-control-relaunch.Quj5CQ/spawnharness-19051/home/state/rl21.git-hooks/pre-commit: Permission denied
rm: /private/var/folders/41/64hrmnwx11q5lw3l9d7zmfgr0000gn/T/fm-control-relaunch.Quj5CQ/spawnharness-19051/home/state/rl21.git-hooks: Directory not empty
rm: /private/var/folders/41/64hrmnwx11q5lw3l9d7zmfgr0000gn/T/fm-control-relaunch.Quj5CQ/spawnharness-19051/home/state: Directory not empty
rm: /private/var/folders/41/64hrmnwx11q5lw3l9d7zmfgr0000gn/T/fm-control-relaunch.Quj5CQ/spawnharness-19051/home: Directory not empty
rm: /private/var/folders/41/64hrmnwx11q5lw3l9d7zmfgr0000gn/T/fm-control-relaunch.Quj5CQ/spawnharness-19051: Directory not empty
rm: /private/var/folders/41/64hrmnwx11q5lw3l9d7zmfgr0000gn/T/fm-control-relaunch.Quj5CQ/trace-off-24559/home/state/rl33.git-hooks/pre-rebase: Permission denied
rm: /private/var/folders/41/64hrmnwx11q5lw3l9d7zmfgr0000gn/T/fm-control-relaunch.Quj5CQ/trace-off-24559/home/state/rl33.git-hooks/pre-applypatch: Permission denied
rm: /private/var/folders/41/64hrmnwx11q5lw3l9d7zmfgr0000gn/T/fm-control-relaunch.Quj5CQ/trace-off-24559/home/state/rl33.git-hooks/pre-auto-gc: Permission denied
rm: /private/var/folders/41/64hrmnwx11q5lw3l9d7zmfgr0000gn/T/fm-control-relaunch.Quj5CQ/trace-off-24559/home/state/rl33.git-hooks/pre-merge-commit: Permission denied
rm: /private/var/folders/41/64hrmnwx11q5lw3l9d7zmfgr0000gn/T/fm-control-relaunch.Quj5CQ/trace-off-24559/home/state/rl33.git-hooks/post-commit: Permission denied
rm: /private/var/folders/41/64hrmnwx11q5lw3l9d7zmfgr0000gn/T/fm-control-relaunch.Quj5CQ/trace-off-24559/home/state/rl33.git-hooks/sendemail-validate: Permission denied
rm: /private/var/folders/41/64hrmnwx11q5lw3l9d7zmfgr0000gn/T/fm-control-relaunch.Quj5CQ/trace-off-24559/home/state/rl33.git-hooks/applypatch-msg: Permission denied
rm: /private/var/folders/41/64hrmnwx11q5lw3l9d7zmfgr0000gn/T/fm-control-relaunch.Quj5CQ/trace-off-24559/home/state/rl33.git-hooks/prepare-commit-msg: Permission denied
rm: /private/var/folders/41/64hrmnwx11q5lw3l9d7zmfgr0000gn/T/fm-control-relaunch.Quj5CQ/trace-off-24559/home/state/rl33.git-hooks/post-checkout: Permission denied
rm: /private/var/folders/41/64hrmnwx11q5lw3l9d7zmfgr0000gn/T/fm-control-relaunch.Quj5CQ/trace-off-24559/home/state/rl33.git-hooks/post-applypatch: Permission denied
rm: /private/var/folders/41/64hrmnwx11q5lw3l9d7zmfgr0000gn/T/fm-control-relaunch.Quj5CQ/trace-off-24559/home/state/rl33.git-hooks/post-rewrite: Permission denied
rm: /private/var/folders/41/64hrmnwx11q5lw3l9d7zmfgr0000gn/T/fm-control-relaunch.Quj5CQ/trace-off-24559/home/state/rl33.git-hooks/commit-msg: Permission denied
rm: /private/var/folders/41/64hrmnwx11q5lw3l9d7zmfgr0000gn/T/fm-control-relaunch.Quj5CQ/trace-off-24559/home/state/rl33.git-hooks/pre-push: Permission denied
rm: /private/var/folders/41/64hrmnwx11q5lw3l9d7zmfgr0000gn/T/fm-control-relaunch.Quj5CQ/trace-off-24559/home/state/rl33.git-hooks/post-merge: Permission denied
rm: /private/var/folders/41/64hrmnwx11q5lw3l9d7zmfgr0000gn/T/fm-control-relaunch.Quj5CQ/trace-off-24559/home/state/rl33.git-hooks/pre-commit: Permission denied
rm: /private/var/folders/41/64hrmnwx11q5lw3l9d7zmfgr0000gn/T/fm-control-relaunch.Quj5CQ/trace-off-24559/home/state/rl33.git-hooks: Directory not empty
rm: /private/var/folders/41/64hrmnwx11q5lw3l9d7zmfgr0000gn/T/fm-control-relaunch.Quj5CQ/trace-off-24559/home/state: Directory not empty
rm: /private/var/folders/41/64hrmnwx11q5lw3l9d7zmfgr0000gn/T/fm-control-relaunch.Quj5CQ/trace-off-24559/home: Directory not empty
rm: /private/var/folders/41/64hrmnwx11q5lw3l9d7zmfgr0000gn/T/fm-control-relaunch.Quj5CQ/trace-off-24559: Directory not empty
rm: /private/var/folders/41/64hrmnwx11q5lw3l9d7zmfgr0000gn/T/fm-control-relaunch.Quj5CQ/smpin-10349/home/state/sm3.git-hooks/pre-rebase: Permission denied
rm: /private/var/folders/41/64hrmnwx11q5lw3l9d7zmfgr0000gn/T/fm-control-relaunch.Quj5CQ/smpin-10349/home/state/sm3.git-hooks/pre-applypatch: Permission denied
rm: /private/var/folders/41/64hrmnwx11q5lw3l9d7zmfgr0000gn/T/fm-control-relaunch.Quj5CQ/smpin-10349/home/state/sm3.git-hooks/pre-auto-gc: Permission denied
rm: /private/var/folders/41/64hrmnwx11q5lw3l9d7zmfgr0000gn/T/fm-control-relaunch.Quj5CQ/smpin-10349/home/state/sm3.git-hooks/pre-merge-commit: Permission denied
rm: /private/var/folders/41/64hrmnwx11q5lw3l9d7zmfgr0000gn/T/fm-control-relaunch.Quj5CQ/smpin-10349/home/state/sm3.git-hooks/post-commit: Permission denied
rm: /private/var/folders/41/64hrmnwx11q5lw3l9d7zmfgr0000gn/T/fm-control-relaunch.Quj5CQ/smpin-10349/home/state/sm3.git-hooks/sendemail-validate: Permission denied
rm: /private/var/folders/41/64hrmnwx11q5lw3l9d7zmfgr0000gn/T/fm-control-relaunch.Quj5CQ/smpin-10349/home/state/sm3.git-hooks/applypatch-msg: Permission denied
rm: /private/var/folders/41/64hrmnwx11q5lw3l9d7zmfgr0000gn/T/fm-control-relaunch.Quj5CQ/smpin-10349/home/state/sm3.git-hooks/prepare-commit-msg: Permission denied
rm: /private/var/folders/41/64hrmnwx11q5lw3l9d7zmfgr0000gn/T/fm-control-relaunch.Quj5CQ/smpin-10349/home/state/sm3.git-hooks/post-checkout: Permission denied
rm: /private/var/folders/41/64hrmnwx11q5lw3l9d7zmfgr0000gn/T/fm-control-relaunch.Quj5CQ/smpin-10349/home/state/sm3.git-hooks/post-applypatch: Permission denied
rm: /private/var/folders/41/64hrmnwx11q5lw3l9d7zmfgr0000gn/T/fm-control-relaunch.Quj5CQ/smpin-10349/home/state/sm3.git-hooks/post-rewrite: Permission denied
rm: /private/var/folders/41/64hrmnwx11q5lw3l9d7zmfgr0000gn/T/fm-control-relaunch.Quj5CQ/smpin-10349/home/state/sm3.git-hooks/commit-msg: Permission denied
rm: /private/var/folders/41/64hrmnwx11q5lw3l9d7zmfgr0000gn/T/fm-control-relaunch.Quj5CQ/smpin-10349/home/state/sm3.git-hooks/pre-push: Permission denied
rm: /private/var/folders/41/64hrmnwx11q5lw3l9d7zmfgr0000gn/T/fm-control-relaunch.Quj5CQ/smpin-10349/home/state/sm3.git-hooks/post-merge: Permission denied
rm: /private/var/folders/41/64hrmnwx11q5lw3l9d7zmfgr0000gn/T/fm-control-relaunch.Quj5CQ/smpin-10349/home/state/sm3.git-hooks/pre-commit: Permission denied
rm: /private/var/folders/41/64hrmnwx11q5lw3l9d7zmfgr0000gn/T/fm-control-relaunch.Quj5CQ/smpin-10349/home/state/sm3.git-hooks: Directory not empty
rm: /private/var/folders/41/64hrmnwx11q5lw3l9d7zmfgr0000gn/T/fm-control-relaunch.Quj5CQ/smpin-10349/home/state: Directory not empty
rm: /private/var/folders/41/64hrmnwx11q5lw3l9d7zmfgr0000gn/T/fm-control-relaunch.Quj5CQ/smpin-10349/home: Directory not empty
rm: /private/var/folders/41/64hrmnwx11q5lw3l9d7zmfgr0000gn/T/fm-control-relaunch.Quj5CQ/smpin-10349: Directory not empty
rm: /private/var/folders/41/64hrmnwx11q5lw3l9d7zmfgr0000gn/T/fm-control-relaunch.Quj5CQ/promotebranch-13797/home/state/rl42.git-hooks/pre-rebase: Permission denied
rm: /private/var/folders/41/64hrmnwx11q5lw3l9d7zmfgr0000gn/T/fm-control-relaunch.Quj5CQ/promotebranch-13797/home/state/rl42.git-hooks/pre-applypatch: Permission denied
rm: /private/var/folders/41/64hrmnwx11q5lw3l9d7zmfgr0000gn/T/fm-control-relaunch.Quj5CQ/promotebranch-13797/home/state/rl42.git-hooks/pre-auto-gc: Permission denied
rm: /private/var/folders/41/64hrmnwx11q5lw3l9d7zmfgr0000gn/T/fm-control-relaunch.Quj5CQ/promotebranch-13797/home/state/rl42.git-hooks/pre-merge-commit: Permission denied
rm: /private/var/folders/41/64hrmnwx11q5lw3l9d7zmfgr0000gn/T/fm-control-relaunch.Quj5CQ/promotebranch-13797/home/state/rl42.git-hooks/post-commit: Permission denied
rm: /private/var/folders/41/64hrmnwx11q5lw3l9d7zmfgr0000gn/T/fm-control-relaunch.Quj5CQ/promotebranch-13797/home/state/rl42.git-hooks/sendemail-validate: Permission denied
rm: /private/var/folders/41/64hrmnwx11q5lw3l9d7zmfgr0000gn/T/fm-control-relaunch.Quj5CQ/promotebranch-13797/home/state/rl42.git-hooks/applypatch-msg: Permission denied
rm: /private/var/folders/41/64hrmnwx11q5lw3l9d7zmfgr0000gn/T/fm-control-relaunch.Quj5CQ/promotebranch-13797/home/state/rl42.git-hooks/prepare-commit-msg: Permission denied
rm: /private/var/folders/41/64hrmnwx11q5lw3l9d7zmfgr0000gn/T/fm-control-relaunch.Quj5CQ/promotebranch-13797/home/state/rl42.git-hooks/post-checkout: Permission denied
rm: /private/var/folders/41/64hrmnwx11q5lw3l9d7zmfgr0000gn/T/fm-control-relaunch.Quj5CQ/promotebranch-13797/home/state/rl42.git-hooks/post-applypatch: Permission denied
rm: /private/var/folders/41/64hrmnwx11q5lw3l9d7zmfgr0000gn/T/fm-control-relaunch.Quj5CQ/promotebranch-13797/home/state/rl42.git-hooks/post-rewrite: Permission denied
rm: /private/var/folders/41/64hrmnwx11q5lw3l9d7zmfgr0000gn/T/fm-control-relaunch.Quj5CQ/promotebranch-13797/home/state/rl42.git-hooks/commit-msg: Permission denied
rm: /private/var/folders/41/64hrmnwx11q5lw3l9d7zmfgr0000gn/T/fm-control-relaunch.Quj5CQ/promotebranch-13797/home/state/rl42.git-hooks/pre-push: Permission denied
rm: /private/var/folders/41/64hrmnwx11q5lw3l9d7zmfgr0000gn/T/fm-control-relaunch.Quj5CQ/promotebranch-13797/home/state/rl42.git-hooks/post-merge: Permission denied
rm: /private/var/folders/41/64hrmnwx11q5lw3l9d7zmfgr0000gn/T/fm-control-relaunch.Quj5CQ/promotebranch-13797/home/state/rl42.git-hooks/pre-commit: Permission denied
rm: /private/var/folders/41/64hrmnwx11q5lw3l9d7zmfgr0000gn/T/fm-control-relaunch.Quj5CQ/promotebranch-13797/home/state/rl42.git-hooks: Directory not empty
rm: /private/var/folders/41/64hrmnwx11q5lw3l9d7zmfgr0000gn/T/fm-control-relaunch.Quj5CQ/promotebranch-13797/home/state: Directory not empty
rm: /private/var/folders/41/64hrmnwx11q5lw3l9d7zmfgr0000gn/T/fm-control-relaunch.Quj5CQ/promotebranch-13797/home: Directory not empty
rm: /private/var/folders/41/64hrmnwx11q5lw3l9d7zmfgr0000gn/T/fm-control-relaunch.Quj5CQ/promotebranch-13797: Directory not empty
rm: /private/var/folders/41/64hrmnwx11q5lw3l9d7zmfgr0000gn/T/fm-control-relaunch.Quj5CQ/drifted-31254/home/state/rl41.git-hooks/pre-rebase: Permission denied
rm: /private/var/folders/41/64hrmnwx11q5lw3l9d7zmfgr0000gn/T/fm-control-relaunch.Quj5CQ/drifted-31254/home/state/rl41.git-hooks/pre-applypatch: Permission denied
rm: /private/var/folders/41/64hrmnwx11q5lw3l9d7zmfgr0000gn/T/fm-control-relaunch.Quj5CQ/drifted-31254/home/state/rl41.git-hooks/pre-auto-gc: Permission denied
rm: /private/var/folders/41/64hrmnwx11q5lw3l9d7zmfgr0000gn/T/fm-control-relaunch.Quj5CQ/drifted-31254/home/state/rl41.git-hooks/pre-merge-commit: Permission denied
rm: /private/var/folders/41/64hrmnwx11q5lw3l9d7zmfgr0000gn/T/fm-control-relaunch.Quj5CQ/drifted-31254/home/state/rl41.git-hooks/post-commit: Permission denied
rm: /private/var/folders/41/64hrmnwx11q5lw3l9d7zmfgr0000gn/T/fm-control-relaunch.Quj5CQ/drifted-31254/home/state/rl41.git-hooks/sendemail-validate: Permission denied
rm: /private/var/folders/41/64hrmnwx11q5lw3l9d7zmfgr0000gn/T/fm-control-relaunch.Quj5CQ/drifted-31254/home/state/rl41.git-hooks/applypatch-msg: Permission denied
rm: /private/var/folders/41/64hrmnwx11q5lw3l9d7zmfgr0000gn/T/fm-control-relaunch.Quj5CQ/drifted-31254/home/state/rl41.git-hooks/prepare-commit-msg: Permission denied
rm: /private/var/folders/41/64hrmnwx11q5lw3l9d7zmfgr0000gn/T/fm-control-relaunch.Quj5CQ/drifted-31254/home/state/rl41.git-hooks/post-checkout: Permission denied
rm: /private/var/folders/41/64hrmnwx11q5lw3l9d7zmfgr0000gn/T/fm-control-relaunch.Quj5CQ/drifted-31254/home/state/rl41.git-hooks/post-applypatch: Permission denied
rm: /private/var/folders/41/64hrmnwx11q5lw3l9d7zmfgr0000gn/T/fm-control-relaunch.Quj5CQ/drifted-31254/home/state/rl41.git-hooks/post-rewrite: Permission denied
rm: /private/var/folders/41/64hrmnwx11q5lw3l9d7zmfgr0000gn/T/fm-control-relaunch.Quj5CQ/drifted-31254/home/state/rl41.git-hooks/commit-msg: Permission denied
rm: /private/var/folders/41/64hrmnwx11q5lw3l9d7zmfgr0000gn/T/fm-control-relaunch.Quj5CQ/drifted-31254/home/state/rl41.git-hooks/pre-push: Permission denied
rm: /private/var/folders/41/64hrmnwx11q5lw3l9d7zmfgr0000gn/T/fm-control-relaunch.Quj5CQ/drifted-31254/home/state/rl41.git-hooks/post-merge: Permission denied
rm: /private/var/folders/41/64hrmnwx11q5lw3l9d7zmfgr0000gn/T/fm-control-relaunch.Quj5CQ/drifted-31254/home/state/rl41.git-hooks/pre-commit: Permission denied
rm: /private/var/folders/41/64hrmnwx11q5lw3l9d7zmfgr0000gn/T/fm-control-relaunch.Quj5CQ/drifted-31254/home/state/rl41.git-hooks: Directory not empty
rm: /private/var/folders/41/64hrmnwx11q5lw3l9d7zmfgr0000gn/T/fm-control-relaunch.Quj5CQ/drifted-31254/home/state: Directory not empty
rm: /private/var/folders/41/64hrmnwx11q5lw3l9d7zmfgr0000gn/T/fm-control-relaunch.Quj5CQ/drifted-31254/home: Directory not empty
rm: /private/var/folders/41/64hrmnwx11q5lw3l9d7zmfgr0000gn/T/fm-control-relaunch.Quj5CQ/drifted-31254: Directory not empty
rm: /private/var/folders/41/64hrmnwx11q5lw3l9d7zmfgr0000gn/T/fm-control-relaunch.Quj5CQ/switch-3740/home/state/rl4.git-hooks/pre-rebase: Permission denied
rm: /private/var/folders/41/64hrmnwx11q5lw3l9d7zmfgr0000gn/T/fm-control-relaunch.Quj5CQ/switch-3740/home/state/rl4.git-hooks/pre-applypatch: Permission denied
rm: /private/var/folders/41/64hrmnwx11q5lw3l9d7zmfgr0000gn/T/fm-control-relaunch.Quj5CQ/switch-3740/home/state/rl4.git-hooks/pre-auto-gc: Permission denied
rm: /private/var/folders/41/64hrmnwx11q5lw3l9d7zmfgr0000gn/T/fm-control-relaunch.Quj5CQ/switch-3740/home/state/rl4.git-hooks/pre-merge-commit: Permission denied
rm: /private/var/folders/41/64hrmnwx11q5lw3l9d7zmfgr0000gn/T/fm-control-relaunch.Quj5CQ/switch-3740/home/state/rl4.git-hooks/post-commit: Permission denied
rm: /private/var/folders/41/64hrmnwx11q5lw3l9d7zmfgr0000gn/T/fm-control-relaunch.Quj5CQ/switch-3740/home/state/rl4.git-hooks/sendemail-validate: Permission denied
rm: /private/var/folders/41/64hrmnwx11q5lw3l9d7zmfgr0000gn/T/fm-control-relaunch.Quj5CQ/switch-3740/home/state/rl4.git-hooks/applypatch-msg: Permission denied
rm: /private/var/folders/41/64hrmnwx11q5lw3l9d7zmfgr0000gn/T/fm-control-relaunch.Quj5CQ/switch-3740/home/state/rl4.git-hooks/prepare-commit-msg: Permission denied
rm: /private/var/folders/41/64hrmnwx11q5lw3l9d7zmfgr0000gn/T/fm-control-relaunch.Quj5CQ/switch-3740/home/state/rl4.git-hooks/post-checkout: Permission denied
rm: /private/var/folders/41/64hrmnwx11q5lw3l9d7zmfgr0000gn/T/fm-control-relaunch.Quj5CQ/switch-3740/home/state/rl4.git-hooks/post-applypatch: Permission denied
rm: /private/var/folders/41/64hrmnwx11q5lw3l9d7zmfgr0000gn/T/fm-control-relaunch.Quj5CQ/switch-3740/home/state/rl4.git-hooks/post-rewrite: Permission denied
rm: /private/var/folders/41/64hrmnwx11q5lw3l9d7zmfgr0000gn/T/fm-control-relaunch.Quj5CQ/switch-3740/home/state/rl4.git-hooks/commit-msg: Permission denied
rm: /private/var/folders/41/64hrmnwx11q5lw3l9d7zmfgr0000gn/T/fm-control-relaunch.Quj5CQ/switch-3740/home/state/rl4.git-hooks/pre-push: Permission denied
rm: /private/var/folders/41/64hrmnwx11q5lw3l9d7zmfgr0000gn/T/fm-control-relaunch.Quj5CQ/switch-3740/home/state/rl4.git-hooks/post-merge: Permission denied
rm: /private/var/folders/41/64hrmnwx11q5lw3l9d7zmfgr0000gn/T/fm-control-relaunch.Quj5CQ/switch-3740/home/state/rl4.git-hooks/pre-commit: Permission denied
rm: /private/var/folders/41/64hrmnwx11q5lw3l9d7zmfgr0000gn/T/fm-control-relaunch.Quj5CQ/switch-3740/home/state/rl4.git-hooks: Directory not empty
rm: /private/var/folders/41/64hrmnwx11q5lw3l9d7zmfgr0000gn/T/fm-control-relaunch.Quj5CQ/switch-3740/home/state: Directory not empty
rm: /private/var/folders/41/64hrmnwx11q5lw3l9d7zmfgr0000gn/T/fm-control-relaunch.Quj5CQ/switch-3740/home: Directory not empty
rm: /private/var/folders/41/64hrmnwx11q5lw3l9d7zmfgr0000gn/T/fm-control-relaunch.Quj5CQ/switch-3740: Directory not empty
rm: /private/var/folders/41/64hrmnwx11q5lw3l9d7zmfgr0000gn/T/fm-control-relaunch.Quj5CQ/reverify-9537/home/state/rl40.git-hooks/pre-rebase: Permission denied
rm: /private/var/folders/41/64hrmnwx11q5lw3l9d7zmfgr0000gn/T/fm-control-relaunch.Quj5CQ/reverify-9537/home/state/rl40.git-hooks/pre-applypatch: Permission denied
rm: /private/var/folders/41/64hrmnwx11q5lw3l9d7zmfgr0000gn/T/fm-control-relaunch.Quj5CQ/reverify-9537/home/state/rl40.git-hooks/pre-auto-gc: Permission denied
rm: /private/var/folders/41/64hrmnwx11q5lw3l9d7zmfgr0000gn/T/fm-control-relaunch.Quj5CQ/reverify-9537/home/state/rl40.git-hooks/pre-merge-commit: Permission denied
rm: /private/var/folders/41/64hrmnwx11q5lw3l9d7zmfgr0000gn/T/fm-control-relaunch.Quj5CQ/reverify-9537/home/state/rl40.git-hooks/post-commit: Permission denied
rm: /private/var/folders/41/64hrmnwx11q5lw3l9d7zmfgr0000gn/T/fm-control-relaunch.Quj5CQ/reverify-9537/home/state/rl40.git-hooks/sendemail-validate: Permission denied
rm: /private/var/folders/41/64hrmnwx11q5lw3l9d7zmfgr0000gn/T/fm-control-relaunch.Quj5CQ/reverify-9537/home/state/rl40.git-hooks/applypatch-msg: Permission denied
rm: /private/var/folders/41/64hrmnwx11q5lw3l9d7zmfgr0000gn/T/fm-control-relaunch.Quj5CQ/reverify-9537/home/state/rl40.git-hooks/prepare-commit-msg: Permission denied
rm: /private/var/folders/41/64hrmnwx11q5lw3l9d7zmfgr0000gn/T/fm-control-relaunch.Quj5CQ/reverify-9537/home/state/rl40.git-hooks/post-checkout: Permission denied
rm: /private/var/folders/41/64hrmnwx11q5lw3l9d7zmfgr0000gn/T/fm-control-relaunch.Quj5CQ/reverify-9537/home/state/rl40.git-hooks/post-applypatch: Permission denied
rm: /private/var/folders/41/64hrmnwx11q5lw3l9d7zmfgr0000gn/T/fm-control-relaunch.Quj5CQ/reverify-9537/home/state/rl40.git-hooks/post-rewrite: Permission denied
rm: /private/var/folders/41/64hrmnwx11q5lw3l9d7zmfgr0000gn/T/fm-control-relaunch.Quj5CQ/reverify-9537/home/state/rl40.git-hooks/commit-msg: Permission denied
rm: /private/var/folders/41/64hrmnwx11q5lw3l9d7zmfgr0000gn/T/fm-control-relaunch.Quj5CQ/reverify-9537/home/state/rl40.git-hooks/pre-push: Permission denied
rm: /private/var/folders/41/64hrmnwx11q5lw3l9d7zmfgr0000gn/T/fm-control-relaunch.Quj5CQ/reverify-9537/home/state/rl40.git-hooks/post-merge: Permission denied
rm: /private/var/folders/41/64hrmnwx11q5lw3l9d7zmfgr0000gn/T/fm-control-relaunch.Quj5CQ/reverify-9537/home/state/rl40.git-hooks/pre-commit: Permission denied
rm: /private/var/folders/41/64hrmnwx11q5lw3l9d7zmfgr0000gn/T/fm-control-relaunch.Quj5CQ/reverify-9537/home/state/rl40.git-hooks: Directory not empty
rm: /private/var/folders/41/64hrmnwx11q5lw3l9d7zmfgr0000gn/T/fm-control-relaunch.Quj5CQ/reverify-9537/home/state: Directory not empty
rm: /private/var/folders/41/64hrmnwx11q5lw3l9d7zmfgr0000gn/T/fm-control-relaunch.Quj5CQ/reverify-9537/home: Directory not empty
rm: /private/var/folders/41/64hrmnwx11q5lw3l9d7zmfgr0000gn/T/fm-control-relaunch.Quj5CQ/reverify-9537: Directory not empty
rm: /private/var/folders/41/64hrmnwx11q5lw3l9d7zmfgr0000gn/T/fm-control-relaunch.Quj5CQ/note-22624/home/state/rl2.git-hooks/pre-rebase: Permission denied
rm: /private/var/folders/41/64hrmnwx11q5lw3l9d7zmfgr0000gn/T/fm-control-relaunch.Quj5CQ/note-22624/home/state/rl2.git-hooks/pre-applypatch: Permission denied
rm: /private/var/folders/41/64hrmnwx11q5lw3l9d7zmfgr0000gn/T/fm-control-relaunch.Quj5CQ/note-22624/home/state/rl2.git-hooks/pre-auto-gc: Permission denied
rm: /private/var/folders/41/64hrmnwx11q5lw3l9d7zmfgr0000gn/T/fm-control-relaunch.Quj5CQ/note-22624/home/state/rl2.git-hooks/pre-merge-commit: Permission denied
rm: /private/var/folders/41/64hrmnwx11q5lw3l9d7zmfgr0000gn/T/fm-control-relaunch.Quj5CQ/note-22624/home/state/rl2.git-hooks/post-commit: Permission denied
rm: /private/var/folders/41/64hrmnwx11q5lw3l9d7zmfgr0000gn/T/fm-control-relaunch.Quj5CQ/note-22624/home/state/rl2.git-hooks/sendemail-validate: Permission denied
rm: /private/var/folders/41/64hrmnwx11q5lw3l9d7zmfgr0000gn/T/fm-control-relaunch.Quj5CQ/note-22624/home/state/rl2.git-hooks/applypatch-msg: Permission denied
rm: /private/var/folders/41/64hrmnwx11q5lw3l9d7zmfgr0000gn/T/fm-control-relaunch.Quj5CQ/note-22624/home/state/rl2.git-hooks/prepare-commit-msg: Permission denied
rm: /private/var/folders/41/64hrmnwx11q5lw3l9d7zmfgr0000gn/T/fm-control-relaunch.Quj5CQ/note-22624/home/state/rl2.git-hooks/post-checkout: Permission denied
rm: /private/var/folders/41/64hrmnwx11q5lw3l9d7zmfgr0000gn/T/fm-control-relaunch.Quj5CQ/note-22624/home/state/rl2.git-hooks/post-applypatch: Permission denied
rm: /private/var/folders/41/64hrmnwx11q5lw3l9d7zmfgr0000gn/T/fm-control-relaunch.Quj5CQ/note-22624/home/state/rl2.git-hooks/post-rewrite: Permission denied
rm: /private/var/folders/41/64hrmnwx11q5lw3l9d7zmfgr0000gn/T/fm-control-relaunch.Quj5CQ/note-22624/home/state/rl2.git-hooks/commit-msg: Permission denied
rm: /private/var/folders/41/64hrmnwx11q5lw3l9d7zmfgr0000gn/T/fm-control-relaunch.Quj5CQ/note-22624/home/state/rl2.git-hooks/pre-push: Permission denied
rm: /private/var/folders/41/64hrmnwx11q5lw3l9d7zmfgr0000gn/T/fm-control-relaunch.Quj5CQ/note-22624/home/state/rl2.git-hooks/post-merge: Permission denied
rm: /private/var/folders/41/64hrmnwx11q5lw3l9d7zmfgr0000gn/T/fm-control-relaunch.Quj5CQ/note-22624/home/state/rl2.git-hooks/pre-commit: Permission denied
rm: /private/var/folders/41/64hrmnwx11q5lw3l9d7zmfgr0000gn/T/fm-control-relaunch.Quj5CQ/note-22624/home/state/rl2.git-hooks: Directory not empty
rm: /private/var/folders/41/64hrmnwx11q5lw3l9d7zmfgr0000gn/T/fm-control-relaunch.Quj5CQ/note-22624/home/state: Directory not empty
rm: /private/var/folders/41/64hrmnwx11q5lw3l9d7zmfgr0000gn/T/fm-control-relaunch.Quj5CQ/note-22624/home: Directory not empty
rm: /private/var/folders/41/64hrmnwx11q5lw3l9d7zmfgr0000gn/T/fm-control-relaunch.Quj5CQ/note-22624: Directory not empty
rm: /private/var/folders/41/64hrmnwx11q5lw3l9d7zmfgr0000gn/T/fm-control-relaunch.Quj5CQ/crewcfg-15962/home/state/rl20.git-hooks/pre-rebase: Permission denied
rm: /private/var/folders/41/64hrmnwx11q5lw3l9d7zmfgr0000gn/T/fm-control-relaunch.Quj5CQ/crewcfg-15962/home/state/rl20.git-hooks/pre-applypatch: Permission denied
rm: /private/var/folders/41/64hrmnwx11q5lw3l9d7zmfgr0000gn/T/fm-control-relaunch.Quj5CQ/crewcfg-15962/home/state/rl20.git-hooks/pre-auto-gc: Permission denied
rm: /private/var/folders/41/64hrmnwx11q5lw3l9d7zmfgr0000gn/T/fm-control-relaunch.Quj5CQ/crewcfg-15962/home/state/rl20.git-hooks/pre-merge-commit: Permission denied
rm: /private/var/folders/41/64hrmnwx11q5lw3l9d7zmfgr0000gn/T/fm-control-relaunch.Quj5CQ/crewcfg-15962/home/state/rl20.git-hooks/post-commit: Permission denied
rm: /private/var/folders/41/64hrmnwx11q5lw3l9d7zmfgr0000gn/T/fm-control-relaunch.Quj5CQ/crewcfg-15962/home/state/rl20.git-hooks/sendemail-validate: Permission denied
rm: /private/var/folders/41/64hrmnwx11q5lw3l9d7zmfgr0000gn/T/fm-control-relaunch.Quj5CQ/crewcfg-15962/home/state/rl20.git-hooks/applypatch-msg: Permission denied
rm: /private/var/folders/41/64hrmnwx11q5lw3l9d7zmfgr0000gn/T/fm-control-relaunch.Quj5CQ/crewcfg-15962/home/state/rl20.git-hooks/prepare-commit-msg: Permission denied
rm: /private/var/folders/41/64hrmnwx11q5lw3l9d7zmfgr0000gn/T/fm-control-relaunch.Quj5CQ/crewcfg-15962/home/state/rl20.git-hooks/post-checkout: Permission denied
rm: /private/var/folders/41/64hrmnwx11q5lw3l9d7zmfgr0000gn/T/fm-control-relaunch.Quj5CQ/crewcfg-15962/home/state/rl20.git-hooks/post-applypatch: Permission denied
rm: /private/var/folders/41/64hrmnwx11q5lw3l9d7zmfgr0000gn/T/fm-control-relaunch.Quj5CQ/crewcfg-15962/home/state/rl20.git-hooks/post-rewrite: Permission denied
rm: /private/var/folders/41/64hrmnwx11q5lw3l9d7zmfgr0000gn/T/fm-control-relaunch.Quj5CQ/crewcfg-15962/home/state/rl20.git-hooks/commit-msg: Permission denied
rm: /private/var/folders/41/64hrmnwx11q5lw3l9d7zmfgr0000gn/T/fm-control-relaunch.Quj5CQ/crewcfg-15962/home/state/rl20.git-hooks/pre-push: Permission denied
rm: /private/var/folders/41/64hrmnwx11q5lw3l9d7zmfgr0000gn/T/fm-control-relaunch.Quj5CQ/crewcfg-15962/home/state/rl20.git-hooks/post-merge: Permission denied
rm: /private/var/folders/41/64hrmnwx11q5lw3l9d7zmfgr0000gn/T/fm-control-relaunch.Quj5CQ/crewcfg-15962/home/state/rl20.git-hooks/pre-commit: Permission denied
rm: /private/var/folders/41/64hrmnwx11q5lw3l9d7zmfgr0000gn/T/fm-control-relaunch.Quj5CQ/crewcfg-15962/home/state/rl20.git-hooks: Directory not empty
rm: /private/var/folders/41/64hrmnwx11q5lw3l9d7zmfgr0000gn/T/fm-control-relaunch.Quj5CQ/crewcfg-15962/home/state: Directory not empty
rm: /private/var/folders/41/64hrmnwx11q5lw3l9d7zmfgr0000gn/T/fm-control-relaunch.Quj5CQ/crewcfg-15962/home: Directory not empty
rm: /private/var/folders/41/64hrmnwx11q5lw3l9d7zmfgr0000gn/T/fm-control-relaunch.Quj5CQ/crewcfg-15962: Directory not empty
rm: /private/var/folders/41/64hrmnwx11q5lw3l9d7zmfgr0000gn/T/fm-control-relaunch.Quj5CQ/gone-herdr-pin-19975/home/state/rl73.git-hooks/pre-rebase: Permission denied
rm: /private/var/folders/41/64hrmnwx11q5lw3l9d7zmfgr0000gn/T/fm-control-relaunch.Quj5CQ/gone-herdr-pin-19975/home/state/rl73.git-hooks/pre-applypatch: Permission denied
rm: /private/var/folders/41/64hrmnwx11q5lw3l9d7zmfgr0000gn/T/fm-control-relaunch.Quj5CQ/gone-herdr-pin-19975/home/state/rl73.git-hooks/pre-auto-gc: Permission denied
rm: /private/var/folders/41/64hrmnwx11q5lw3l9d7zmfgr0000gn/T/fm-control-relaunch.Quj5CQ/gone-herdr-pin-19975/home/state/rl73.git-hooks/pre-merge-commit: Permission denied
rm: /private/var/folders/41/64hrmnwx11q5lw3l9d7zmfgr0000gn/T/fm-control-relaunch.Quj5CQ/gone-herdr-pin-19975/home/state/rl73.git-hooks/post-commit: Permission denied
rm: /private/var/folders/41/64hrmnwx11q5lw3l9d7zmfgr0000gn/T/fm-control-relaunch.Quj5CQ/gone-herdr-pin-19975/home/state/rl73.git-hooks/sendemail-validate: Permission denied
rm: /private/var/folders/41/64hrmnwx11q5lw3l9d7zmfgr0000gn/T/fm-control-relaunch.Quj5CQ/gone-herdr-pin-19975/home/state/rl73.git-hooks/applypatch-msg: Permission denied
rm: /private/var/folders/41/64hrmnwx11q5lw3l9d7zmfgr0000gn/T/fm-control-relaunch.Quj5CQ/gone-herdr-pin-19975/home/state/rl73.git-hooks/prepare-commit-msg: Permission denied
rm: /private/var/folders/41/64hrmnwx11q5lw3l9d7zmfgr0000gn/T/fm-control-relaunch.Quj5CQ/gone-herdr-pin-19975/home/state/rl73.git-hooks/post-checkout: Permission denied
rm: /private/var/folders/41/64hrmnwx11q5lw3l9d7zmfgr0000gn/T/fm-control-relaunch.Quj5CQ/gone-herdr-pin-19975/home/state/rl73.git-hooks/post-applypatch: Permission denied
rm: /private/var/folders/41/64hrmnwx11q5lw3l9d7zmfgr0000gn/T/fm-control-relaunch.Quj5CQ/gone-herdr-pin-19975/home/state/rl73.git-hooks/post-rewrite: Permission denied
rm: /private/var/folders/41/64hrmnwx11q5lw3l9d7zmfgr0000gn/T/fm-control-relaunch.Quj5CQ/gone-herdr-pin-19975/home/state/rl73.git-hooks/commit-msg: Permission denied
rm: /private/var/folders/41/64hrmnwx11q5lw3l9d7zmfgr0000gn/T/fm-control-relaunch.Quj5CQ/gone-herdr-pin-19975/home/state/rl73.git-hooks/pre-push: Permission denied
rm: /private/var/folders/41/64hrmnwx11q5lw3l9d7zmfgr0000gn/T/fm-control-relaunch.Quj5CQ/gone-herdr-pin-19975/home/state/rl73.git-hooks/post-merge: Permission denied
rm: /private/var/folders/41/64hrmnwx11q5lw3l9d7zmfgr0000gn/T/fm-control-relaunch.Quj5CQ/gone-herdr-pin-19975/home/state/rl73.git-hooks/pre-commit: Permission denied
rm: /private/var/folders/41/64hrmnwx11q5lw3l9d7zmfgr0000gn/T/fm-control-relaunch.Quj5CQ/gone-herdr-pin-19975/home/state/rl73.git-hooks: Directory not empty
rm: /private/var/folders/41/64hrmnwx11q5lw3l9d7zmfgr0000gn/T/fm-control-relaunch.Quj5CQ/gone-herdr-pin-19975/home/state: Directory not empty
rm: /private/var/folders/41/64hrmnwx11q5lw3l9d7zmfgr0000gn/T/fm-control-relaunch.Quj5CQ/gone-herdr-pin-19975/home: Directory not empty
rm: /private/var/folders/41/64hrmnwx11q5lw3l9d7zmfgr0000gn/T/fm-control-relaunch.Quj5CQ/gone-herdr-pin-19975: Directory not empty
rm: /private/var/folders/41/64hrmnwx11q5lw3l9d7zmfgr0000gn/T/fm-control-relaunch.Quj5CQ: Directory not empty
